URL_ID|카페명|리뷰
1553976296|도봉관|$$크로플이 개코뜩지 만하고 쨈도 뭣도 없어서  딱딱한 자체로 그냥 머금.. 커피도 그냥저냥..  지나가다 왓으니 다음 지나갈땐 안와야겟슴..$$바스크치즈케이크 최고 맛집 음료들은 평범해요$$치즈케이크가 엄청 맛있어서 놀랐어요  커피는 그냥 평범하고요..  좌석은 많이 없어요! $$여기 오픈하고 나서 얼마 안되었을때 가보았고 최근에 다시 가보았는데 같은 곳이 맞나 싶을 정도. 운영자가 바뀐 것 같아요. 청결 상태가 눈에 띄게 달라졌네요.. 문 열자마자 첫 눈에 매장 상태가 달라졌음을 팍 느낌. 일반 카페라떼 시켰고 첫 모금 맛이 일반 라떼와 달라 뚜껑 열어봤는데 휩크림 녹은 것처럼 자잘자잘하게 뭔가 하얀 것이 떠 있더라구요. 웬 라떼...$$바스크치즈케익이랑 바닐라라떼 무난하고 괜찮았지만 바닐라라떼 시럽휘젓기 힘들어요 그리고 화장실 개빡쳐요 이중잠금 걸어봤저 밖에서 땡기면 활짝 열려요;;; $$크로플 맛집$$왜 유명해진건지 잘 모르겠음... 케이크도 그냥 그렇고 내부가 막 아늑하고 이쁜것도 아니고... 직원분은 친절하시긴 했는데 그뿐$$엄마가 오리지널 바스크 치즈 케익 예약하여 엄마 대신 제가 찾으러 갔습니다.  확인해보니 케익 주문이 누락 되었고 남자 사장님께서 별일 아니라는 듯이 주말에 일하시는 분들이 근무한지 얼마 안 돼서 착오가 있었던 것 같다 그래서 다른 맛으로 변경해서 갖고 가셔야 할 것 같다고 하시더군요  사전 예약이 왜 있나요? 사전 예약은 왜 받나요? 원하는 맛으로 먹고 ...$$어..바터크림라떼 맛있는데  Why 노래하나마다 유튜브 광고를 제가  첨부터 끝까지 듣고있어야하죠….?……^^ 방금은 소리지르는 무슨 메가스터디광고가 5분넘게 나와서 일행이 시꾸럽다고 나가재여 개선 plz 유튜브프리미엄 plzㅠ$$크로플을 왜 파는지ㅡㅡ 다 식어빠진 조금하고 딱딱한 굳은 밀가루덩어리 요즘 세상에 이런걸 먹으라고 판다는게 심각함. 시럽도 안뿌려줌. 유행이라고 메뉴에 넣어서 돈만 벌려 급급하고 사장님 다른곳에서 크로플 안드셔보셨나요? 먼저 크로플 먹어보고 판매하시길$$처음 오픈할때랑 너무 달라요. 오랜만에 갔는데 손님 응대부터도 그렇고 음료메뉴도 안되는거 너무 많고 청소는 하는지 먼지가 뽀얗고 화장실은 스태프가 전세냈는지 안나와서 오랜기다림 끝에도 못쓰고 나옴. 가로수길 오픈했다고 본점 관리 넘 안되는거 같음. 이럴거면 그냥 본점 폐점이 나을것 같음$$바스크케이크 생각보다 진짜 작아서 놀램 2번이면 사라질 양..근데 가격은 강남, 홍대 저리가라 맛도 특별한 것도 아니고..딱히 재방문은 안 할 것 같아요ㅜ$$바스크치즈케익 맛나요$$맛은 평범. 화장실은 너무 더럽 에어컨이없어서 여름에 다시는 이용 못할곳$$존맛$$양이 많이 적고 그렇다할 경치도 없고 계단은 가파르고 자리도 많이 없음 그렇다고 음료맛이 특출나진않음 두번은 안갈듯$$ㅡㅡ$$라떼 많이 마셔봤지만 여기 정말 괜찮네요. 커알못이지만 밸런스가 잘맞는 느낌? 치즈케이크도 많이 달지 않아고 삼삼허니 맛있음. $$바스크 치즈케익 머선129!!  엄청 촉촉하고 말차는 무슨 오설록급 진함이었어요~ 녹차 덕후가 인정한 맛이에요 그런데 음료는 얼음이 너무 많고 양이 너무 적었어요$$치즈케이크 맛집!$$$$가격대비 분위기나 커피맛, 서비스 모두 조금 아쉬웠어요. 재방문의사는 없습니다$$치즈케익이 계속생각나요............계단이 가파르지만 맛으로 다 커버가능한곳입니다 강추합니다$$바스크치즈케이크 맛집이라고 해서 찾아감. 코로나로 포장만 가능했음. 맛은 내가 알던 그 바스크에 더 촉촉함이 추가된 맛이었음. 기대가 너무 컸나 생각보다 상상가능한 맛이었다. $$맛있는곳!$$치케 마싰오요$$근처에선 눈에 띄길래 가봤는데, 역시나 실패... 인테리어 수준도 별로고 맛도 별로고 가격은 강남. $$통창문 카페를 너무 좋아해서 인테리어 너무 만족만족(ᵕ̤ꈊᵕ̤) 다만 의자가 좀 불편했고 음료맛과 디저트는 평범했어요!$$인생 바스크치즈케이크 입에서 녹아요$$카페라떼 맛있어요$$분위기도 좋고 맛도 좋습니다$$치즈케이크 맛에 비해서 터무니없는 가격에 양은 너무 적어요. 절대 사지도말고 가지도마세요 이 정도 퀄이면 안가는게 맞습니다$$말차비스크치즈케익과 초코라떼  제 취향 저격이네요   직원 분들도 친절하셔서 좋아요  $$$$친절 인테리어 맛 굿$$아메는 실망스럽고 치즈케잌은 괜찮았음 2층 전망 좋으나 계단경사가 심해 발 헛디디면 대참사날듯$$비엔나커피가 맛있다$$무난한 치즈케이크. 불친절한 직원분.. 불편한 의자...  $$존맛인데?$$치케맛집$$아인슈페너의 크림은 쫀득하니 맛있고, 치즈케익은 적당히 달콤하고 굉~장히 부드러워요. 분위기가 좋아서 커플들이 많네요. 외롭게 혼자 앉아 먹은 것만 빼면 완벽합니다.$$치즈케잌 맛은 생각보다 평범.. 아인슈페너는 괜찮았어요. 분위기나 공간은 아늑해서 좋네요$$이미 몇번 가봤는데 쿠키, 휘낭시에, 케이크 다 맛있어요!! 진짜 나만 알고싶은 핫플 :-)$$진심 태어나서 먹은 치즈케잌중에 제일 맛있음....  $$치즈케이 맛있 / 여자알바생 불친절 $$치즈케잌 맛집$$인생 치즈케익을 만난 곳.. 다른 곳에서는 맛볼 수 없는 꾸덕하고 진한 맛을 느낄 수 있어요!!$$따뜻한 느낌의 카페의 맛있는 디저트라 ~ 이미 끝 ! 이즈귿!$$인생치즈케익 $$나무로된 따뜻한 공간에 맛있는 치즈케잌
1789979058|몽상가 크레이프전문점|
27393895|와겐커피 방학점|$$셀프로 시나몬 가루 뿌려야하는 카푸치노..$$아주 비추입니다. 커피를 이렇게 성의없고 개념없이 만들다니 놀랍네요. 아인슈패너(크림을 올린 커피)를 시켰는데 중간(?) 사이즈(300ml급)의 컵에 어이 없이 적은 커피량, 크림만 잔뜩. 만드신 분이 레시피를 잘 몰라 실수한 줄 알았는데 원래 그렇답니다. 혹시나 해서 마셔보니 가관. 얼음 빼고 몇모금 마시니 끝. 도대체 뭔 생각으로 장사하는지 모르겠네요....$$불친절하고 커피맛 기본이하 분위기 인테리어는 괜찮음.$$커피 진짜 맛없어요.. 순전히 앉아있기 좋아서 가는곳$$바쁘신거 알겠지만 제발 화장실청소 좀 해주세요.. 2층에 있었는데 사람들이 문 열때마다 찌린내가 올라와서 진짜 힘들었어요ㅜ 옆테이블들도 저랑 같은 말 하고..2층까지 날 정도면 꽤 심하단 건데ㅜㅜ  그 외에 장소는 넓고 테라스도 있어서 좋지만 규모가 큰 만큼 관리도 빡세게 돼야될텐데 관리가 잘 안 되는 것 같네요 $$$$아이스 아메리카노 4000 주차 가능해서 많이들 가시긴 하는데 깨끗한 분위기는 아니고, 조명도 어둡습니다. 1층에는 콘센트 없구요, 밖에서 피우는 담배냄새가 안에까지 나요. 화장실도 깨끗하지 않습니다.. 물비누도 없어요.$$동네 몇 없는 구조 특이하고 넓직한 카페 분위기는 다소 시끄러운편입니다.$$주차장있어서좋음$$주차가능한곳이라 자주가요 커피맛은 아쉬워요$$ㅛ$$카피 원두 선택가능하고 맛있는 편에 속하나 사람이 많고 불친절$$주차공간 충분해서 좋아요. 2층 나눠져서 혼자 공부할 수 있는 공간 좋아요. 하지만 직원들이 너무 불친절하고 남자화장실 문은 도.대.체 언제쯤이면 고치시려는지 너무 궁금해요. 화장실 구조도 너무 좋아서 들어오는 사람이랑 눈 마주치면서 소변보는  그 기분 너무 좋네요. $$been$$주차가 편하고 사장님이 친절하세요$$동네에서 늦은시간 갈 수 있는 카페. 새벽 1시까지. 주차가능.$$별로
24695495|카페오븐|$$치즈케이크 팥빙수 맛집 3시간 이용제한 있어요!$$여기 레어치즈케잌 너무맛있어요.. 커피도 맛있고.. 가까우면 자주올텐데ㅜㅜ$$레어치즈케이크 먹고 천국 갑니다. 여기 레어치즈는 진짜배기 최애'케'임. $$케이크 너무 맛있어서 매번 안양에서 먹으러가요 ❣$$7년 단골카페~ 한결같은 맛과 친절한 서비스.  팥,커피,케이크까지 모두 완벽해서 누굴 데려가도 만족하는 곳
635306818|꿀소담|$$배달시킨 팥빙수 집 그릇에 뒤집자마자 머리카락 대잔치.. 전화해도 끝까지 자기들 머리카락 아니라고 발뺌하고 그동안 몇번씩이나 시켜먹었는데 실망이네요$$스콘에서 머리카락?... 털....? 같은거 나왔는데 반죽 덮는 행주라고 해명하더라고요... ㅎ.. $$빵이 맛이 없습니다.. 아니 정말 말그대로 아무 맛이 안나요,,$$맛은 있어요 근데 제가 별점이 이런 이유는 동네 사람이면 다 알겠지만...$$더티초코 맛있음!  소금빵은 소금빵이 아니구만유? ..; 빵위에 소금만 올려놓으시고 이름을 소금빵으로 붙여놓으셨음ㅋㅋ.. 휘낭시에도 맛있는 편은 아니구요…ㅠ  뭐랄까… 전체적으로 인기있는 메뉴는 많은데 그 맛을 다 못하긴해요ㅡㅠ 아쉽습니다.. ㅜㅜ 더티초코는 맛있어요! $$빵 진짜 맛없어요. 가격만 비싸고...$$리뷰 삭제 당했네요..ㅋㅋ 오픈 때보다 아쉽다는 별점과 리뷰를 남기긴 했었는데 그래도 한때 자주 갔던  곳이라 다시 좋아졌으면 하는 마음에 진심 담아서 길게 남겼었는데 삭제를 당했네요..참 ㅋㅋ 많이 아쉽습니다$$리뷰삭제되었네요... 정말 불친절하고 음료수도 아무 맛이 아예안납니다...$$쿠키가 지나치게 짜거나 달아서 아쉽네요;;;$$$$$$$$제 후기도 삭제당했네요...?ㅋㅋㅋㅋ 저 전에도 여러 안좋은 후기도 있던 거 기억나는데 하나도 안보이는거 보니 다 삭제하셨나봐요^^; 위생 문제랑 직원들 불친절하다고 올렸는데 네이버 후기도 삭제하시고 카카오 후기도 삭제하시고ㅋㅋㅋ... $$음료의 맛과 가격 적당히 괜찮은데 화장실이 남녀 공용인 점이 가장 별로예요ㅠㅠ 베이커리는 무난해요$$저도 삭제당했네요.. 정말 황당.. 네이버리뷰에도 조금만 안좋은 리뷰 있으면 닫았다가 새로 열더라고요.. 무슨 무조건적인 비판도 아니고 제가 겪은 점 그대로 썼는데 신고해서 삭제 당했네요ㅋ 강제 입막음도 아니고ㅋㅋㅋㅋ  또 삭제할까봐 더 이상 길게는 안쓰는데 아는 사람들은 안가는 그런 곳이예요 ㅋ$$여기 리뷰 삭제하네요. 지나가다 마스크 안쓰고 빵 만드는거 봤다고 올렸는데 지워졌어요. 위생도 빵 맛도 별로.$$$$리뷰삭제했네여,,, 오랜만에 갔지만 여전히 서비스 거지같음 대응도그렇고 이동네 살아서 그냥가지만 갈때마다 짜증남 ㅡㅡ 커피컵도 긴거랑 짧은거랑 양도 다른데 자꾸똑같다고,, 옆에 이디야만 갈래요$$$$$$$$빵을 좀 이쁘게 진열하면 좋을거같은데.. 마구잡이로 쌓여있어 정돈이 안된느낌$$$$$$$$카카오 리뷰는 평점이 낮을 수록 맛집인걸로 결론을 내렸습니다 ㅋㅋ 제가 좋아하는 곳은 다.평점이 낮아요 왜냐면요.. 맛있어서 장사가 잘되고 바빠서 고객응대가 한정적이라는 결론입니다 ㅋㅋ 맛있는 곳입니다.  까높고 애기하자면 반얀트리 특급호텔내 몽클**보다 훨씬 맛있어요$$나쁘지않은 카페 분위기와 테라스 2층을 선호해용$$우리동네 케이크 맛집!! 당근케익, 초코딸기케익이 맛남$$여기 케이크 맛있는데 평점 왜이러지 ㅜㅜ 케이크는 진짜 맛있어요 ~~~ 사장님 번성하세여 케이크맛집임 여기 당근케이크가 진짜임$$$$$$이 근방에 꿀소담 만한 곳 없음$$$$앙버터 들어있는 크로와상 맛있어요$$지역 명물이 된만큼 맛있는 크루와상을 맛볼 수 있는 곳
27440655|쌍문동커피|$$분위기 좋아요 커피는 그럭저럭$$$$유자아메리카노!!!!$$분위기 ㄱㅊ$$
2113410227|카페작약|$$$$친절하시구 카페세트 혜자~ 두유 디카페인 리필까지 갓벽!  그저 알잘딱깔센$$사장님 넘 친절하시고 카페 분위기도 너무 좋아요! $$사장님이 정말 친절하시고 디저트, 음료 너무 맛있습니다. 쌍문 최고의 카페••ㅠㅠ 사장님 적게 일하고 돈 많이 버세요 하지만 닫지말아주세요..$$
1336295111|매일이기념일|$$동네 골목에 아담한 카페지만 내부를 정말 예쁘게 꾸며놨다. 메뉴 다양하고 가격대도 합리적임~$$너무 귀엽고 예쁜 카페에용 커피도 산미가 별로 없고 향도 좋고 맛도 아주 좋아요, 다만 아메리카노가 조금 더 진했으면 좋겠어요 ㅎㅎ $$아담한 카페에요. 에이드를 시켰는데 탄산이 다소 약하다는 개인적인 느낌은 있었지만 그래도 맛있었어요. 다시 가게 되면 또 시킬 거예요. 계단이 있어 휠체어 접근은 어렵습니다.$$열시 오픈 거짓말$$복숭아 아이스티 맛집입니다. 절묘합니다
462897050|카페그리너리티|$$커피도 맛있고 빵이 정말 맛있어요$$$$우선 인테리어가 감성 폭발입니당 ㅠㅠㅠㅠ 입구에 조그마한 계단을 내려가면 테이블들이 옹기종기 모여잇어요!!! 크리스마스 시즌에 가게 안에 키낮은 트리도 있고 매장 무척 따듯하구 카운터 오른쪽에 베이커리 디핑 돼있는데 그냥 인스타 감성이에요ㅠㅠㅠㅠ완전 좋습니당 ㅜㅜㅜㅜ  그리고 커피,,,진짜 맛있어요!!!!! ㅎㅎㅎㅎ 크림 들어간 커피 마시면 진짜 달콤해서 ...$$$$
119532698|카페방학|$$맛은 그저 평범, 안열때도 많이 본듯 그냥 동네까페가 그렇지 뭐,,,$$인테리어 심플해서 좋은 곳 디저트도 맛나요 방학라떼 추천해요$$크로플, 바닐라 라떼 추천$$모야 여기 바닐라라떼 왜이리맛있어요? 도봉구에서 제일 맛있는듯$$커피 맛 좋네요  책도 있고 조용한 장소ᆢ  가격은 조금 센 편입니다  잘 쉬었습니다 ~
1985501177|카페152길|$$크루아상이 정말 찐 유럽보다 맛있어요. 커피도  정말 제가 제일 좋아하는 맛입니다$$정말 도봉구에 이렇게 귀한 빵집이 있다니 가격도 너무 저렴하고 너무 맛있고 친절하세요!$$빵들은 맛있는 데 타르트 크림은 어우 너무 느끼해요. 맨손으로 잡아 넣어주시고.. $$소금빵 치아바타 버터프레첼이 특히 맛있어요. 이 근처에 이만한 빵집도 없네요^^$$빵순이라 전국 유명한 웬만한 빵집은 거의 다 먹어봤습니다  아우어, 성심당, 이성당, 김영모, 약수역 빵굼터 등등  여기 초코뺑오쇼콜라 한입 먹는데 아우어 더티초코 저리가라 수준이였습니다  아우어 더티초코 맛있어서 몇번이나 사먹고 마켓컬리로 배송까지 시켜먹었던 저로써는 먹자마자 뇌에서 상투스 울리는 맛이였어요   그리고 리코타 샌드위치도 진짜 맛있고,  앙...
22547060|스타벅스 쌍문역점|$$$$$$커피 맛있어요 직원 분들도 친절함$$$$좋음$$얼마전에 내부공간 변경을 한거 같은데, 공사 이전보다  불편하게 해 놓았다. 좌측 계산대는 협소한건 둘째치고 계산 후 다시 빠져나오는 동선으로 대기중인 사람과 어께가 부딛칠 수 밖에 없는 구조이고, 계산대 옆의 qr코드도 계산대에 붙어 있어 동행인이 있다면 다시 줄을 서서 코드인식을 해야한다. 바로 옆 파트너 공간은 밝고 쾌적하게 보여 처음오는 사람은 통로...$$역이랑 가까워서 좋아요$$$$쾌적하고 넓은공감이지만 코로나로 활용을 못하는 점이 아쉽네요 코로나 잘 견디세요.$$가본 스벅중 제일 불친절. 가까워서 가지만 사무실근처 매장에 비하면 직원들이 너무 무뚝뚝하고 제대로 대답도 잘안해줌. 간혹 친절한 직원도 있지만 대체적으로 친절을 기대하긴 어렵다. $$역 바로 앞에 있어 편리하고 직원분들 대체로 친절했습니다.$$$$직원들이 단답형이고 못 들었으면 심하게 버럭하고 짜증 아주 심하게 냅니다. 열받아서 항의했더니 원래 우리 성질이 그러니 무조건적으로 이해하랍니다. 빌어먹을 것들.$$2층은 자리가 넓음. 대체로알바가 불친절함. 파트너 이름이 로*였나? 물어보는데 귀찮다, 성가시다는 태도로 대답함. 마감시간 다 되서 빨리 퇴근하고 싶은 건 알지만 표정에 짜증나고 귀찮다는게 묻어남. 아침시간 알바도 몇 번 그런 적있음..$$위치가 좋아요..$$역  바로 앞에 있어서 찾기가 쉬웠어요. ^^ 
519080844|스타벅스 쌍문도봉로|$$화장실이 관리가 안되고 있은듯.  변기주변엔 오물과 휴지가 넘쳐나고 세면대 손잡이는 파손된채 방치되어 있고.  알바가 일을 안하는지, 점장 마인드의 부재인지…$$다 좋은데 론나 추움.. 히터 틀어달러고 말할때까지 절대 안틀어줌$$주차장이 있어서 넘 편해용$$$$영업시간이 9시까지인거 빼고는 좋음
1668192705|카페7179|$$평이 좋아서 가봤는데 좋네요~$$디저트 꼭드세요!!분위기도 좋고 맛도있어요$$글쎄요. 두번 가긴 좀.
1087965647|온도감|$$케이크+커피 맛집$$넘맛있어요!! 멀지만 자꾸 가게되네요ㅎㅎㅎ 쌀케이크라 속에도 좋아서 포장해오면 남편도 부모님도 무척 좋아하네요 다음엔 홀케잌으로 사야겠어요^^ 제몫이없네요ㅠㅠㅋㅋㅋ$$쌀케이크 맛있다고 소문났길래 오늘 포장해 와서 먹었어요. 완전 추천! 노원에서 방학까지 찾아올만 하네요.$$기대하고 간거에 비하면 별로 였다, 크림은 맛있었지만 양이 적었고 커피는 연해서 크림과의 조화가 좋지 못했다. 재방문 의사x$$케이크 맛있어요,,$$커피가 너무 맛나요!!! 일찍 오픈하면 얼마나 좋을까요 ㅜㅠ
2084988667|키웨스트 연산군묘점|$$6500원짜리 드립커피,, 더벤티 구정물 커피보다 맛이 없습니다,,ㅠㅠ 심지어 나오는데 시간도 오래 걸림 ;;$$분위기 좋고 매장도 깔끔하고 커피맛도 좋아요~~ $$분위기 좋고 커피도 맛있어요 ^^$$고퀄 원두와 지리적 장점! $$
1747187669|알레싸|$$직원이 싸가지가 없음$$쿠키 너무너무 맛있고  요거트 스무디도 정말 맛있어요 ㅠㅠ$$여기 티라미슈라떼가 존맛임$$쿠키 아이스크림 프라푸치노  커피 안마시는 사람도 먹을게 많음.  특히 쿠키 너무 맛있음  부드럽고 촉촉하고 그냥 맛있음  요즘엔 쿠키사러감... $$나쁘지 않아용
697641350|스타벅스 창동이마트점|$$$$2층 이용자들 마스크 안 쓰고 떠드는 사람 많음$$이마트 갈때마다 가는데 친절하시구 좋아용~  + 밑에분 스벅은 구매없이 앉아있어도 된대용 $$좋아요!! 거의 저도 매일 가는데, 매일 오시는 여성 분 한 분 있으신데 한번 신경 쓰이니까 계속 신경 쓰이더라고요… 한번도 음료를 사드신 걸 못 보고 매일 생수 드시면서 2-3시간씩 있더라고요… 매일 돈내고 사먹는 입장에서는 약간 불편하기는해요.$$스벅.좋아요^^
491600096|오픈더도어|$$$$딸기케익 너무 맛있어요!$$예쁘고 맛있고 좋아요$$커피 그라인더,,, 오픈하시고 한 번도 안닦으셨나봐요,,,,,,,,,,,,,,,,,,,,,,$$카페 올라가는 상가입구가 너무 허름해서 반신반의하며 들어갔는데 내부에 햇빛도 좋고 생각보다 아늑하게 잘 꾸며져있어요. 무엇보다 커피랑 구움과자 다 맛있네요. 사진에 시킨 것 다 맛있었고 호두 코팅 바삭한 피칸 파이가 가장 취저였습니다. 역이랑 가까워 지나는 길에 빵사러 다시 들르려고요.  + 일단 상가입구에서 의심을 품고 2층까지 도착해도 철문현관이 너무 ...
21544366|투썸플레이스 창동역점|$$별로에요. 의자 다 낡았고, 음료도 별로…$$음료 레시피대로 못만들어요. 먹을때마다 맛이 다름.. 어떤때는 너무 달고^^;; 어떤때는 괜찮고..  투썸오더에 적응을 못한건지 주문대응이 늦은 편이며 주문보다 큐알에 더 민감,,ㅎ 주문부터 제대로 대응해줬으면..~ 어떤 분은 매우 친절, 어떤 분(대체로 남자)들은 리얼 로봇$$친절하고 맛있음
2002605651|도봉산커피|$$과하게 팬시해서 사진만찍고 안락함은 없는 카페가 ‘아니라’ 약간의 앤틱함과 커피에 대한 진지함이 느껴지는 카페. 가격이 저렴해서 드립커피가 아주 진하지는 않지만 가격대비 맛이 좋습니다.  +치즈케잌이 정말맛있습니다$$커피 맛 좋네요  분위기도 있구요  깊어가는 가을 날ᆢ 참 좋으네요 ~~~$$커피맛있어여~$$커피 대존맛$$커피 맛집!!!!
19530655|산과산사이커피로드|$$$$눈 내리는 날 풍경이 환상입니다$$언제라도 다시 방문하고 싶은 햇살이 따뜻하고 아늑한 카페에요. 커피도, 직접 만드신 빵도 맛있어요.$$$$예술가 부부께서 아기자기 꾸며놓으신 힐링 공간 입니다  커피 맛도 일품입니다 
447862448|카페더로비|$$자기는 안덥다고 에어컨 안틀어주는 카페는 처음이에요. 해가 들고 더운데;; 신기하네요 ㅋㅋ$$$$저녁에 가면 진짜 아늑하고 좋아요.. $$아늑하며  중독성 강한 실내 개성 강한 카페를 좋아하시는분 이라면 필수코스 음료, 빵류 모두 수준 이상$$분위기좋구 맛도 굿굿~
1246426011|로로옴 rrm|$$공간 쾌적하고 좋아요. 커피맛은 쏘쏘합니다. 개인적으론 솔티버터크림이 맛있었네요$$따사로운 햇볕이 통창 가득 들어오는 공간과 가게이름은 너무 찰떡 콘파냐 크림은 세상 쫀쫀하고 탄산수로 입 안 개운하게 헹구고 즐기는 아메리카노는 넘 좋았다$$바로 앞에 공영 주차장도 넓게 있어서 좋아요 :) $$ 에이드 주문했는데, 에이드가 맞나? 싶었어요. 탄산 1도 없고 탄산 빠진 사이다에 청 넣어서 판매하시는데 메뉴 빼시는 게 나을 거 같아요;; 이럴 거면 그냥 편의점 사이다에 깔라만시 넣어다 마셨죠 이렇게 맛없는 에이드는 첨이에요 ㅋㅋ$$서울에 이런 뷰 카페가 있다니요.. 후기를 보고왔음에도 불구하고 완전 그 이상입니다. 직원분 넘 친절하시고 인상도 좋으시고 ㅎ 재즈음악 선곡도.. 인테리어도..커피맛도..뷰도  모두 찐입니다.  송파구에서 이 카페까지 먼 걸음했는데  계절마다 오고프네요. 오래 운영해주세요^^$$너무 친절해요 감사합니다 ㅎㅎ$$$$$$분위기, 맛, 서비스 모두 좋아요$$밀크티 향이 진하고 좋아요$$Coffee$$도봉에 이런 곳이!
38242363|디아망 강북본점|$$$$마실거리 일반적인 종이컵이 아닌 고급지게 텀블러에 담아줌 전반적으로 포근하게 좋은느낌이지만 액티비티한 기구나 시설이 너무 없어서 아쉽습니다 $$애들이랑 오기 좋아요*^$$$$19년 가을쯤에도 갔었는데 그사이에도 많이 변한거같아요~ 더 다양해지고 여전히 쾌적하네요:) 이른 시간에 가서 한적하니 좋았어요~ 주차장도 넓고, 3시간 무료에, 음식은 배민시키면 되구요 ㅎㅎ  아쉬운건 미끄럼틀, 방방이 없는거 ㅎㅎ 그거빼고는 뭐 대체로 다 좋아요ㅎㅎ
17736089|투썸플레이스 쌍문역점|$$버블티는 먹지마세요...버블이 딱딱해서 잘 안씹힘...6100원이나 주고 먹는건데 버블이 딱딱하길래 바꿔달라했는데도 딱딱하네요. 아마 버블을 아예잘못 삶는듯...그래도 2층은 항상 조용해서 공부하기좋아요$$저녁시간 알바생들 예절고육좀 다시 하십쇼. 남자 한분 여자 한분 이었습니다
861389811|투썸플레이스 방학역점|$$$$자주 먹는 케익인데 딸기가 너무 작네요. 별로에요. 다른 지점은 안그랬어요.$$어쩌다가긴하지만 유독 불친절한 알바의 기억이 있어 넓고 쾌적한 매장임에도 기분이 반감된다.$$평일 오후 남자 알바.  케익 살 때 초랑 칼도 안챙겨주나요? 초 달라고 말했는데 기어코 안넣어줬네요. 생일 파티하는데 초 없어서 당황하게 만드네요.$$직원분들과 주문 외에 얘기할 것 없어서 그런가 제 개인적으로는 불편함 없이 주문한 메뉴 빨리 나오고, 향과 맛도 좋고 그래서 개인적으로 좋아하는 매장입니다$$다 좋은데...뭔가 불편해요 직원분 잔소리 좀 그만하세요~$$주말 오후 알바 너무 불친절하구요 물 마시는 종이컵이 소주잔이라서 약먹으려고 물 따라마시는대 소주잔 세개나 썼네요 ㅋㅋㅋ 서비스가 넘 구려요 ㅠㅠ$$좋은뎅 적당히 조용하고  맛있고 직원 친절.. 언니 이뻐요$$$$매장분위기 좋구 직원들도 친절하구 상냥하구 가성비갑 가성비굿~^^ㅎㅎ$$$$아 진짜 화장실 너무 더러움..... 실외인데다.... $$남자친구와 데이트 할땐 자주가는데 창가옆좌석 넘 좋아요!
609301855|카페푸쿠푸쿠|
21605277|투썸플레이스 도봉보건소점|$$사장님이 틈날 때마다 청소하시고 직원분들도 매장관리 철저히 해주셔서 좋아요. 케익도 다른 매장보다 예쁘고 의자도 보송보송하고 전반적으로 매장 분위기도 좋아요~$$Cafe 분위기가 깔끔하고,,직원들이 친절해서 고마웠습니다,,,$$사장님이 마스크 관리를 철저히 해주셔서 좋았어요♡ 청결하고 공부하기 좋아요!$$위치도 좋고 분위기가 매우 좋아요 직원들도 친절해서 자주 갑니다$$커피숍이  청결하고 깨끗하고 좋아요..환기도 자주시켜서  안심하고  커피을 마실수 있어좋아요~^^$$분위기 편하구 청결해요 ..지나가다 쉬기 좋아요$$타 지점에 비해 케이크랑 음료 맛있던데... 지점차가 있는건가요?? 개인적으로 자주 이용하는 카페인데 전 좋았어요 매장 이용할 때 마스크들 잘 착용하시길.. 손님한테 마스크 착용 부탁하니 적반하장들이 너무 많아서 보기 껄끄러웠네요,, 그거빼고는 최고!$$직원이 아주 불친절하네요~~ 손님이 잘못하면 직원이 손님에게 경고를 날려요~$$불친절해요$$의자가 조금 찝찝한데 대체로 좋아요$$망고 빙수 아주 맛있어요.. 근데 빙수먹는 숟가락이 너무 더러워요.. CJ에서 하는데 이정도 라니 실망스럽네요.. 빙수만 맛있으면 머합니다까! $$
1315491519|티끌|$$커피 맛이 있습니다  디저트도 맛나요  화장실 좀 불편하네요 ~$$주차가 안되서 아쉽지만 진짜 케이크 넘 맛있어요ㅠ 심플하지만 예쁜 디자인에 과일듬뿍 넣은 케이크.. 케잌 선물받으면 항상 남기고 버리는 집인데, 티끌은 하루면 클리어에요$$$$디저트 맛나고 친절해요 자주가는 카페!$$
779650889|카페에덴|$$에덴커피(아인슈페너)하고 치즈케이크 추천. 아메리카노도 괜찮은편. $$커피숍이 커피가 맛이없음 아메리카노 먹자마자 다버림 황금정원 10%할인은 무슨... 그냥 가지마세요$$$$커피가 대체적으로 맛있고 산 쪽이라 조용하고 공기가 좋았어요 자주 애용할거 같아요 ~~
346649554|투썸플레이스 쌍문중앙점|$$사람보다 느린 키오스크..$$알바싸가지$$2층에 아메리카노 톨 죽돌이들 많음 $$$$개별로
27417038|이탈리안G|$$$$평소 단골이었는데 새로 인테리어 바꾸신다해서 궁금했었는데 드뎌 다녀왔네요! 브런치메뉴들이 다 고급지고 맛도 풍성하네요 오랜만에 가족모임여서 갔었는데 정신없이 먹느냐고 사진이 이거뿐인게 넘아쉽네요ㅠㅠ 아이도 너무조아하고 어른들도 분위기있는곳에서 배부르게 잘먹고왔어요!! 특히 먹었던 에그샌드위치 너무 생각나서 이번주에 아이랑 다시가려구요 인생 샌드위치였어요ㅜㅠ...$$$$집에서 해먹는게 더 맛남 소스는 물같고 쌀은 다 깨지고 죽보다 못함$$친절 빵점, 맛 빵점, 사람도 없는데...  가족이 평점했나???
25531123|설빙 쌍문점|$$관리가 허술함 20-30분 기다리라고 함 아무도 없는데$$손님들 빨리 나가라는건지 노래 엄청 크게 틀어놓음;; 게다가 에어컨도 약해서 더움 ㅠㅜ 담엔 딴데 갈듯$$무슨사연인지 모르겟지만 인절미빙수 하나 먹는데 30분 이상 기다리라니.. 만석도 아니었는데...
27347024|카미노커피로스터스|$$아래에 미친존맛탱 보고 왔는데, 그정도까진 아니지만 그래도 방학동에서 먹어본 아메중엔 최고임.$$직원마다 서비스가다름, 여자 직원들이 더 친절$$미친존맛탱 아메리카노 최고의 맛집  단점은 손님이 너무 많아서 자리에서 먹으려면 시끄러움을 편안하게 느껴야 함  (다른동네에 비해 수다들도 많음)  별점 테러 이유 -  공부하려는데 3~4시간이상 못있게 한다? 화장실 불편하다?  그냥 가지마 사람들이 많아서 타임 잘못걸리면 기다리는 시간 길어지니까 한 명이라도 줄여보자$$콜드브루 맛있네요~$$점심시간 끝나고 자투리 시간으로 여기 핵맛있는 크로플+아이스크림이랑 아아 마시면서 혼자  책 읽는게 제 유일한 삶의 낙이였는데  세시반에 갔더니 책읽는건 괜찮은데 자기계발이나 노트북은 안된다고 해서 그냥 나왔어요 전 애플패드로 밀리의서재 책 읽는다고 했더니 그건 안된다고 하시네요...  책읽는것도 따지면 자기계발 아닌가요...ㅜㅜ 기준이 너무 애매한거 같아...
122599399|카페고르|$$저의 인생카페가 될 것 같슴다 카페 분위기도 맛도 완전 제 취향 ㅎ,ㅎ 그리고 플레이팅 너무 예뻐요 ,, 세세하게 신경써서 해주신 게 보여서 감동 종종 들릴게요 !$$$$분위기, 맛 모두 사로잡은 감성카페. 다만 공간 배치를 효율적으로 했으면 더 좋지 않았을까...$$커피는 원두맛도 별로고 우유스팀에 개거품만;; 근데 레몬스콘은 많이 맛있었어요~$$아인슈페너+모나카앙버터 먹었어요 둘다 진짜 넘맛있었고 카페도 넘이쁘고 어두운 분위기가 너무 좋아요!!
645725583|쌍문빵곳간|$$파리바게트보다 못한...$$콤보 A : 생크림식빵 + 아메리카노 6000 카야 버터 크라상 3600 아메리카노 3300  빵이 저렴한 편인 것 같고 맛있어요! 매장도 넓고 친절하셔요^^ 생크림식빵의 생크림이 전혀 느끼한 맛이 아니고 적절하게 맛있었고요, 크라상은 카야잼이랑 버터 조합이 넘 잘 어울리고 맛있네요.$$카페 분위기도 깔끔하고 빵도 맛있었습니다!$$식빵도 맛있고 쿠키랑 파운드도 맛있어요!
20937361|모래스푼|$$백신패스 중이에요.백신안맞으신 분들은 방문 전 참고하셔용 보호자는 백신맞아야 입장되요~ 시설.음식 모두 만족이에요^^$$$$모래놀이 좋아하는 아이가 잼있게놀아요$$음식도 맛있고 아가가 모래놀이하는데 정말 좋아해요^^
1915489402|디저트도본|$$뷔페케이크 맛? 전혀 아님 특히 딸기생크림 케이크 크림도 진짜 맛있고 티라미수, 쿠앤크, 얼그레이 갸또쇼콜라도 다 맛있게 먹었어요. 다른 것도 먹고싶어짐! 전체적으로 좀 달긴 한데 디저트는 원래 달아야한다고 생각ㅎㅎ 크기가 작지도 않고 다른 디저트 카페에 비교하면 한조각에 6500원은 전혀 비싼 금액도 아닌 것 같아용 아무튼 맛있었습니다!$$다쿠아즈 존맛b 평소에 마카롱보다 맛나다고 생각해본적 없었는데 ㅎ ㅓ ㄹ... 케잌도 맛남$$이사갔네요ㅠㅠ 오다가다나 배민으로 시켰었는데... 여러분.. 케이크도 맛나지만 다쿠아즈 드세요ㅜㅜㅜ 사장님 돈 많이 버세요. $$조각당 6500원하는데 전..그정도로 맛있진 않은 것 같아요 전부터 몇번 사먹었는데 케잌 질감이 일관적이지 않아서 아쉬웠어요 $$뷔페가면 있는 한입거리 조각케익하고 똑같은맛임. 가성비 엄청 떨어짐 아직 다쿠아즈를 안먹어봐서 2점줌  먹고나서 재평가 할 예정
21927608|만남의광장|$$$$불친절하고 맛도없네요.$$개별로..다신안감$$
4013599|커피스미스 도봉역점|$$공간도 좋고 2층에 앉으면 법원 나무숲 바로 옆이라 참 좋아요~$$$$가로수길에 있는 거 봤는데 여기도 생겼네요 커피 외에도 음료 다양하고 디저트도 맛있어요 발코니 자리도 예쁘고 인테리어도 멋있어서 편하기 얘기하기 좋은 듯요! 
1833440265|컴포트카페|$$밀크티 맛있었음!! $$이 근처 카페 중에서는 커피가 제일 맛있는 것 같습니다. 공간이 특색 있어 좋구요. 화장실 쾌적!$$서비스 별로예요. 손님 얘기를 듣는둥 마는둥.. 잘못해도 죄송한 태도도 없고 다신 안 올거임. 카페가 이쁘다고 하는데 딱히 감각적인 것도 아니고.. 그냥 넓은 공간에 테이블 이것저것 다 때려넣은 모양일뿐.$$빵종류가 더 있으면해요!$$
1950893942|카페장라이더스|$$고급진 파스타   , 이런곳의 스테이크는 기대치가 없는데 완전 보드라웠고, 도마도 파스타는  일반적인 소스가 아니고 새로운  고급진  오일 도마도 느낌이어서 흡입해버렸다 아메리카노도 서비스로 주심  향기 꼬소~$$$$맛있음 가게는 보통 사장님 친절$$음료는 모르겠고 아이스크림와플 진짜 존맛임ㅠㅠ 꼭먹어보시길 그동안먹어본와플중에 최고로맛있었음 한적하니 좋고 라이더 카페라서 여러오토바이 구경가능
156359110|디어리스트|$$고앵이 귀여워용$$$$$$$$티라미수 존맛
22401090|투썸플레이스 창동이마트점|$$
27575377|창포원북카페 비상|
53269966|탐앤탐스 창동본점|$$초안산 맑은 뷰 내다보며 한잔~ 친절하신 staff 분들 밝은 분위기 ᆢ 머그 잔에 주시는 배려~~  커피맛은 특별한 덤입니다^^  날마다 오고싶은 카페$$넓어서 공부하거나 노트북하기 편해요!  알바생 분들도 커피 빠르게 만들어주셔서 좋아요 $$넓고 쾌적해요 콘센트도 많아서 노트북하기 좋아요$$$$$$매장 자체는 크고 쾌적한 편인데 주차공간이 부족하고 알바생들 태도가 좀 불편한 매장 $$동네에 크고 쾌적한 카페가 생겨서 환영이에요!
698437894|마이머랭|$$가격대비 이만큼 맛있는곳 못봄 2500 3000원 하는집보다 훨5ㅣㄴ 마4잇네요$$레드벨벳 쿠키! 쫀뜩 꼬끄!$$티라미수 쿠키랑 소금바닐라 마카롱 완전 맛있어요 쌍문 가면 항상 들리는곳!$$친절하구 맛있어요!! $$똥똥하고 쫀득하고 너무 좋아요 사장님도 친절하시구~~~
134004806|메가커피 창동역점|$$불친절함에 깜짝 놀람… 음료도 다 안마시고 나옴$$불친절$$1점 주기도 아까움 불친절함$$불친절한 알바생 $$지난 달에 22시까지였는데 3월에 가니까 21시에 주문 칼같이 끝냄ㄷㄷ 주문하려고 부르니까 알바생들 얼굴도 안 보고 겨우 주문 끝이라고 대답  일시적인 건지 계속인지 모르겠으나 현재는 21시 주문 마감
17968058|탐앤탐스 도봉산입구점|
306569711|쌍문동커피|
47314856|공차 쌍문역점|$$빨리 빨리 나와서 좋아요 맛도 있음$$
236297929|만랩커피 창동역점|$$$$$$깔끔한 내부인터리어와 친절한 사장님  단, 카공족이 많았음$$아메리카노 2800 캐모마일티 3200 당근케이크 5500  굉장히 친절하시고 음료는 저렴한 편이고, 공간도 비교적 넓고 내부에 화장실도 있어서 좋았어요~~$$딸기쉐이크 얼음적게 달라고했는데 딸기맛이 강해서 맛있었습니다!!
1379704156|수이아|$$다른 도시락 케이크에 비해 괜찮은 가격이였습니다. 디자인도 예쁘고 다른 디자인도 정말 엄청 다양한게 강점입니다. 빵은 촉촉하고 좋았으나 겉에 크림치즈 부분은 저에게는 다소 두껍게 느껴졌습니다만 크림치즈를 좋아 하신다면 마음에 드실거예요. 매장에는 다양한 초와 고깔모자가 있습니다. 매장 입구는 턱이 높은 편이라 휠체어는 진입이 어렵습니다.
933788438|무수울카페|$$조아요~~~$$쑥라떼, 생강라떼 찐 맛이써요. 쌍화라떼 궁굼해서 기대안하고 마셨는데  진짜 진짜 맛있어요 꼭 먹어보세요!!$$분위기 와 멋. 제일중요한 맛, 멋진 사장님~^^* 넘 좋아요~$$분위기 인터리어 굿$$커피 맛있네요 친절하시고 ᆢ 분위기  좋으네요 ~
1356297281|이디야커피 도봉산점|$$직원이 능숙하지 못한데 한명뿐임 $$전반적으로 조아요~~~
945235417|키블리 창동점|$$$$
1316716091|그랩커피|$$커피도 괜찮았고, 청귤차 맛있었어요!$$한일병원 후문에 위치한 작은 카페. 깔끔한 분위기와 착한 가격. 기본적으로 큰 사이즈의 음료. 아기자기한 소품도 함께 판매.$$$$인생커피~ 떡볶이까지 맛있으면 어쩔! 청결한 주방과 심플모던한 실내가 세련된 카페! 
26524606|이디야커피 도봉역점|$$2층자리 뷰가 아름다웠고 최근에 갔었던 이디야커피 매장중에 강추합니다^^ 이디야커피 도봉역점 직원들도 친절하구 상냥하구 매장분위기 역시 굿ㅋㅋㅋㅋㅋㅋ $$사장님인것같은데 주문받을때 화내시는투로 받아서 ㅂㄹ$$$$계단이 가파르고 좁아서 좀 불편함.$$
107103518|커피지|$$루프탑이있는데 흡연실이에요 ㅜ 
13322988|탐앤탐스 창동점|$$메뉴가 품절됐으면 적시를 해놓던가 낙심하고 다른 메뉴 고르며 가만히 서있는데 살다살다 손님보고 태도가 왜 그 모양이냐는 소리를 다 듣네요 저번에도 굉장히 불쾌했는데 거기다 불친절하기까지 합니다 다시는 안 갈듯 그리고 그따위로 말하지마세요$$커피 맛이..이상합니다.. 첫맛은 시고 짜고.. 소금을 넣은건가.. 끝맛은 뭔가.. 찝찝합니다..$$엄청 친절하심 ㅎㅎ$$커피가 참 맛이 없네요 ㅠㅠ 스무디는 맛나요~ $$다른 걸 다 떠나서 커피가 맛이 없다...
849670663|미랭디저트|$$$$마카롱이.... 꼬끄가 이런 집은 처음이에요ㅠ 보통 다른곳은 쫀득쫀득한데 여긴 마가렛트 과자마냥 겉엔 바삭하고 안은 안 익은 밀가루같아요....
2025938087|키즈팡팡 쌍문점|
235462522|메가커피 쌍문세라믹점|$$3/1일 저녁시간쯤 방문.. 아메리카노와 마카롱을 시켰는데 아메리카노에서는 탄맛만 나고 마카롱은 꽝꽝 얼려진것이 해동도 없이 별다른 멘트없이 제공되어서 한입물었다가 이 나가는줄 알았음... 한두명정도 모자도 안쓰고 일하시던데.. 그리고 키오스크 놨다고 해서 어르신들 개무시하지 마세요. 바로 옆에서 내가다 민망했음..... 어르신이 주문하려고 카운터로 가니까...$$$$6시 이후에도 주민등록 등본과 신분증 지참하면 동거가족 이용 가능한데, 안된다고 해서 마시다 나옴. 사장이나 종업원이나 문해력 떨어지는지 관련 내용  보여줘도 이해 못함.$$블랜더 설거지를 제대로 안 하나봐요 복숭아젤리 음료에서 커피 맛이 나요.. 커피를 너무 싫어해서 한입 먹자마자 알았어요 $$분명 같은음료임  왼쪽이 내가 여기서산거 오른쪽이 메가커피 다른지점 메가커피는 역시 이디야처럼 점바점인데 여기는 시럽을 쓸생각이 아예 없는듯 레시피무시하나봄 진심 나도 알바해봐서 아는데 진짜심각함  맛도없고 밍숭함... 포장해주는데 음료쏟아서 짠한마음에 그냥 내가닦긴했는데 집와서 음료보고 말문이막힘..
1464578322|커피홀 창동점|$$카페가 너무 이뻐요$$커피가 너무 맛없고, 알반지 뭔지 불친절함.$$카공하러 오는 사람들 많은거같아요~~ 그래서 조용조용 이야기했는데 시장처럼 시끌벅적한거보다 이런분위기가 나은거같아요 ㅎㅎㅎㅎ음료도 맛있꾸 쵝옹~~$$커피도 맛있고 빵도 맛있어요~~! 얘기하기도 좋고 앉아서 공부하기도 좋네여$$가까워서 좋음.
20102704|마을북카페 행복한이야기|$$위에 지하철 지나가는 소리가 카페 전체에 울려퍼진다. 그래서 좋다. 
1021958248|메가커피 방학도깨비시장점|
509065466|어떤하루|$$가격도 저렴하고 쿠키들 다 진짜 맛있어요 사장님도 친절해요  단호박쿠키 쑥르뱅 추천$$상가안이라 찾기어렵ㅜ 저렴한편이나 맛난지는 모르겠음.. 직접만드시는지¿ 뭔가 포장은 공산품처럼 잘됨$$초코브라우니 짱맛 $$빵 진짜 개존맛$$새로 생겨서 한번 가봤는데 커피를 캔으로 주는 유니크함이 괜찮은거 같습니다(3,000) 매장에서 직접 구워서 파는 쿠키도 맛있어요!
1648901888|카페유노|$$$$커피가 맛있어요 :) 단골이라 자주갑니당$$시국이 시국인데 밖에서전화가길어져서 들어가보니 짐두고나가면안된다고 카페안에서 전화해야한다는건가 진짜 개노답 이대로가면 여기도 코로나터져요~ 조심하세요
765825621|스위트가든|$$
2114411789|초록카페|$$여기만 갑니다~~~~!♥︎$$초록색 포인트의 인테리어와 식물이 많아서 편안하고 정갈한 느낌입니다. 음악도 좋고요. 커피는 드립, 에스프레소류, 콜드브루 등 다양하게 마실 수 있고 디카페인도 있어서 선택의 폭이 넓습니다. 쑥크림라떼는 쑥맛이 적절히 진해서 맛있습니다. 크로플도 가끔 먹는데, 쫀득하니 괜찮은 맛입니다.$$아이스아메리카노에 크레마가 인상적이고 향이 풍부하고 맛있음. 이동네 커피숍중 최고 +사장님 진짜 친절하심$$맛있어요! 이번에 망고 스무디 신메뉴 개발하셨다는데 이것도 진짜진짜 맛있어요.. $$분위기 좋고 음악 좋고 커피맛 좋아요 커피 마시러 여기저기 많이 다니는데 동네에 이런 카페가 생겨서 좋아요
102061915|카페알로 창동점|$$$$저희집 댕댕이랑 산책나왔다가 이쁜카페가있어서 잠깐들렸는데 히비스커스레몬차라는메뉴가있어서 시켜먹어봤는데 정말맛있네요!$$사장님의 환한 미소와 친절함에 반하고 직접 로스팅해 내려주시는 구수한 커피맛에 두번 반하고 건강을 생각해서 만든 샌드위치와 수플레의 부드러움에 찾게 되는 찐 맛집이에요!!!$$샌드위치도 라떼도 넘넘 맛잇는곳이에요 항상 갈때마다 ㅜ 무슨 샌드위치 먹을지 고민하게 만드는 사장님도 넘 친절하셔서 자주 가게 되는 ♡♡♡$$이런 골목에 이런 브런치집이! 시즌메뉴였던(요즘은 딸기 안하시는 것 같더라구요) 딸기수플레, 진짜 맛있어요!! 수플레로 유명하다는 익s동도 가봤는데 거기랑 비교도 안되는 고급진 맛에 가격은 절반ㅋ 여기 샌드위치(아보카도랑 에그후무 jmt)도 맛있어요. 싱싱한 재료들 정말 말그대로 아낌없이 넣어주셔서 종종 점심으로 사먹어요. 사장님도 넘 친절하셔서 나만 알고...
1267906417|메가커피 쌍문점|$$직원분들이 친절하십니다.$$$$여기 아르바이트분들은 열심히 하는 모습이 언제나  인상적임..   초기 오픈때부터 자주 갔는데 일사불란하게   각자 맡은 일을 하는 모습이 언제나 보기 좋았습니다.   초심을 잃지 않고 쭉~ 좋은 모습 부탁드립니다.   커피도 물론 맛있어요~!  $$친절했어요
841566753|메가커피 도봉역점|
18157412|이디야커피 도봉보건소사거리점|$$친절해요
1322265569|빽다방 창동역점|$$제가 가본 빽다방중 제일 좋아요$$주차어렵고 전체적으로 좀.. $$
1793352976|메가커피 방학역점|$$쓰레기같은 곳 가지마세요$$친절해요 $$
1875863966|알레싸커피앤티|
126319167|투썸플레이스 도봉산입구점|
300536444|에스트로|$$인테리어도 너무 예쁘고 커피도 맛있는 카페!! 앞으로 집 근처라 정말 자주 올 것 같아요♥ $$조용하고 카페 매니저분이 매너있음. 커피맛이 훌륭하다기 보다는 카페 안 분위기. 사람들도 대체로 조용히 왔다가고 위치도 조용함. 유투브 작업때문에 오래 머물렀는데도 눈치 안 주셔서 메뉴도 더 시켰어요. 감사했습니다. 종종 갈게요. $$창동역에서 보기힘든 분위기있고 이쁜 까페에요ㅎㅎㅎ 자몽차 진짜 맛있어요!
1759763888|사이커피바|$$아이고 황당해라 이 맛있는 걸 오늘 처음 먹다니요..ㅜ$$근처에 사는사람 행운아....그게 바로 나...... 로또당첨되면 매일 먹고싶다$$$$휘낭시에 너무 맛있어요$$곳곳에 초록 초록한 식물들과 우드 테이블과의 조합이 너무 좋았어요  커피랑 에이드도 너무 맛있고  빵도 너무 맛있었어요! 
1442527354|메가커피 창동어울림점|$$커피에서 야옹 소리가 납니다. 루왁커피같은 짙은 맛... ☆☆☆☆☆ 사향 고양이가 아른거리며  커피가 잘생겼고 알바생이 맛있습니다. 갓 면허따고 와도 넓은 주차장도 있네요.$$
42939404|숲속마을카페|$$멋집니다 마을공동체 다중이용시설
114276151|빽다방 쌍문역점|$$굳굳 빽스치노 맛남$$새로생겨서 와봤는데 메뉴가 엄청 많아졌네요 프로틴쉐이크가 신선했음
585227643|메가커피 신창시장점|$$커피에서 블루마운틴 향이납니다. 커피 한모금을 마시고 눈을 감으니 자메이카에서 커피콩을 수확하는 농부 후안이 보이네요.  $$사장님 친절하셔서 좋아요 $$여기 사장님 엄청 친절하셔서 너무 좋고 음료도 맛있고 아주 좋아여
444928041|카페비|$$ㅎㅎㅎ.. 저만 불친절하다고 느낀게 아니에요$$알바 불친절하다고 해서 걱정했는데 진짜 불친절하네요 이야~~~~~남자 알바분 세상 불친절$$불친절$$배달의민족에서 시켜먹었는데 최고의맛~ 최고의 커피
919274879|메가커피 도봉중앙점|
608780040|파스쿠찌 창동점|$$알바 짜증남..ㅋ$$왜 욕하는지 알 것 같음ㅋㅋㅋ$$프랜차이즌데 맛이 왜이러나요..? 요근래 먹은 음료 중에 제일 맛이없네요 그리고 직원교육좀 다시 시키셔야겠어요  다시는 안갈것 같습니다
1612110439|하이투피플|$$조용하고 사장님도 친절하세요❣$$커피가 맛있고 친절해요~$$커피랑 크로플 같이 주문 했는데 주문할때 커피랑 크로플 같이 주냐고 물어보길래 커피 먼저 달라고 했는데, 나아아아중에 커피랑 크로플 같이 줌.. 그럴꺼면 대체 왜 물어본거야????$$기대치가 너무 좋았었나봐요$$카페도 예쁘고 디저트 메뉴도 좋아요
1321475667|데이즈쌍문|$$
474782467|순백|$$럽럽 마카롱♡  크림뷔릴레? 이거 드세요 아니다... 드시지 마라요.. 나만 먹을래.. 배민 맨날 품절이야ㅠㅜㅜ$$안에 작게 인터리어가 좋고 마카롱이 너~어무 맛있어요 다이어트 할 때마다 자꾸 생각나요 특히 블루베리크림치즈가 넘 맛있어요 딸기랑 샤인머스켓같은 과일 종류도 맛있어요$$$$이런뚱카롱 찾기힘들거같네요!맛도 너무 달지않거 느끼하지도않구 맛있어요!가격도 착하고 크기도 대박이에요..ㅎㅎ$$저녁 시간에 거의 가는데 항상 계시는 여직원 분 너무 친절하고 뚱카롱 필링폭발에 꼬끄도 무척 쫀득하네요. 최고!
23735332|이디야커피 신창점|$$
753529210|메가커피 쌍문역점|$$오늘 방문했는데....오후 알바생 3분 중에 한분 너무 불친절하시네요....마스크 쓰셔서 누군지 모르겠는데 무쌍에 머리 묶은 여자분....쳐다보지도 않고 음료 밀어내면서 주시더니 뒤돌아서 왜 저를 왜 흘겨보시나요....? 제 번호 불렀을 때 차 소리 때문에 한번에 못알아먹었는데 그거 때문에 그러신건가요...? 날이 더워서 그런거라 이해하고 싶어도 그 인성이...
2056831062|빽다방 방학역점|$$방학역에 빽다방이 ㅎㅎㅎ 축하드려요~ 이제 쌍문동까지 갈 필요 없네요 자주 갈께요~~ 별 5개인 이유는 그냥 방학역에 있는 것만으로도 충분하다 생각되요~
1762898207|마이림|$$디저트만 맛있을 줄 알았지만 커피 맛집이기도 합니다... 너무 맛있고 사장님도 항상 친절하셔서 갈 때마다 기분 좋아지는 카페 :)$$좋음
883270874|카페일월생|$$최악$$생각보다 그저 그렇습니다. 가격에 비해 양이 너무 작네요.$$저희 동네에 새로운 카페가 생겼길래 좋아서 갔는데 카페에서 에디킴 노래가 나오더라구요 우연이겠지..했는데 다음으로 나오는 노래가 지코..ㅋ 버닝썬 모르는사람은 거의 없을텐데 굳이 그렇게 선곡하신 이유가 뭘까 싶네요 다른 사람들은 몰라도 저는 프로불편러라서 두번 다시 가진 않을거 같네요 
27502107|빈트리커피 방학점|$$에그타르트 쏘 귯
261222094|컴포즈커피 덕성여대점|$$알바생 분인지 사장님이신지 혼자서 운영하시는데 사람 4~5명 몰리면 15분을 넘게 서서 기다려야 하네요ㅋㅋㅋㅋ 안에 앉을 공간도 없이 다닥다닥 서서.. 비좁은 공간에서 환기는 제대로 되는지 모르겠어요$$위생...... $$자바칩프라페 진짜 드럽게 맛없음.돈아까워서 으 메가커피 갈껄 후회 ㅜ.ㅜ 별한개도 안주고픔
727963121|더벤티 창동점|$$맛없는 메뉴가 없음 진짜 다 맛있어염!
1225034495|이디야커피 방학사거리점|
16501421|이디야커피 창동역점|$$남자분 알반지 친절해진안음$$
20305827|이디야커피 도봉구청점|$$아이스티 약간 싱거웠어용ㅠ$$이디야 매장중에서 여기 레모네이드가 제일 맛있음
352075882|인아찻집|$$커피맛좋고~ 편히 쉴 공간이있어 좋습니다!
1490611253|몽앤츄|$$이박삼일 강아지 호텔링 했는데 1. 너무 친절하심 2. 강아지를 기본적으로 사랑하시는게 느껴짐 3. 틈틈이 강아지 사진 찍어보내주심 강아지가 분리불안이 있어서 걱정 했는데 보내주신 사진 보니까 적응 너무 잘하고 있어서 분리불안은 내가 있던 거구나^^ 를 깨닫게 되었습니다. 또 호텔링할 일이 생기면 무조건 몽앤츄로 가려구요$$분리불안 때문에 걱정이 많았는데 친절하신 사장님 덕분에 스트레스 없이 예쁘게 미용하고 왔어요  (´▽`)**  대만족입니당 사장님 번창하세요 ( ღ’ᴗ’ღ )  
17956652|이디야커피 쌍문역점|$$사장님이 음료를 만드실 때 마스크를 벗고 만듭니다. 손님을 응대할 때만 허겁지겁 마스크를 쓰는게 굉장히 황당합니다. 카페를 하시는데 이렇게 경각심이 없으신 것이 너무 불편하네요. 도대체 카페 내에 ‘윤석열!!!!’ 이라고 외치는 소리가 나는 지지자 영상은 왜 소리 높여 틀어놓으시는 겁니까? 제가 커피마시러 왔는지 길거리에 윤석열 지지자 모여있는 곳에 온 것...$$진짜 너무 불친절해서 화가 나네요. 주문하려고 한참을 서서 기다리는데  자기가 만든 음료 내보내면서 손님 서있는걸  봤음에도 불구하고 주문이 밀려있다라던지 좀 기다려 달라던지.. 그런 기본적인 응대도 없더라구요.  어이가 없어서 서있다가 그냥 나왔는데.. 나가는걸 보면서도 그냥 자기 할 일만 하는 알바.  왜이렇게 평이 안좋은지 바로 알 수 있구요. 이런가...$$나쁘지 않습니다.$$역 근처에서 시간이 붕 뜰 때 쓸 수 있는 공간 그 이상도 이하도 아닌 카페입니다 음료나 카페의 관리 같은 부분을 바라시면 다른 카페를 이용하셔야 할 듯.$$아주머니분이 아주 불친절 하세요 정신도 없으시구 ㅋㅋ,, 대부분 알바생 관리도 안되어 있는것 같구 가게관리를 신경쓰셔야 할것 같아요~
1842010632|카페빵을굽다|$$아늑한 분위기와 맛있는 라떼와 빵이 있는 곳 입니다. 자주 오게 될것 같아요..
1240129354|카페바인 쌍문점|
899422327|뻬지아슈|$$구움과자맛잇어요!!$$응 맛있어~
1839381490|이디야커피 선덕고사거리점|$$그럭저럭. 공부하는 애기들 많은 곳$$음료도 맛있고, 안쪽에 내부가 넓어서 친구들이랑 여럿이서 모임하기 좋았어요 공부하는 학생들도 많고 분위기 좋은 카페였습니다!!$$내부도 넓으면서 아늑하기도 하고 무엇보다 사장님과 직원이 너무 친절해서 좋았어요 ! 그리고 너무 맛있어요 헤헤$$직원들이랑 사장님 진짜 친절합니다!ㅎㅎ공부하기 딱 젛아용$$맛도 없고... 관리가 너무 안되는것 같아요. 주변에 카페가 없어서 사람이 항상 많은곳인데 그래서인지 너무하다 싶을 정도..
2060861848|아아수혈|$$$$$$맛있고 친절하고 완벽해용!!
1223294846|와플살롱|
27440664|이디야커피 창동현대타운점|
1790390542|메가커피 창동신창점|
15775630|이디야커피 방학점|$$다좋은데 여기 주방쪽?에서 삐--------소리 계속 나는데 이명같아서 넘 거슬리고 머리아파요ㅜㅜ 이어폰 없을때 이소리나면 그냥 나옵니다....$$
1566284882|이디야커피 방학중앙점|$$직원이 불친절함$$분위기 굿~ 친절해서 기분 좋아졌어요.$$$$여기서 골드키위, 화이트 초콜릿, 아이스티를 시켰는데 너무 별로에요 재조과정에서 하나같이 뭔가 빠진 느낌이에요 골드키위는 너무 떫고 화이트 초코는 연유맛만 나고 아이스티는 맛이 이상해요 사장님이랑 커뮤니케이션이 안 되는 것도 심하네요
21194749|카페말로 도봉점|
1457417508|다들림|$$맛잇더요
35112234|더벤티 도봉점|$$라벤하임 제정신인가? 마스크 안쓰고있던 너가 비정상이라고는 생각 못함?$$커피류 괜찮은더 수박쥬스는 수박+얼음만 넣어야하는데 수박+물 =맹맹한맛...$$여기 직원들 싸가지없고 커피마시고있는데  한번마시고마스크쓰고 그러라고하는데 기분나빠서 다시는안갑니다 커피맛없음 쓰레기통에 커피 버리고왔어요 
19975170|가배미혼|$$드립커피가 진짜맛있습니다.$$마카다미아라떼 너무 안달고 은은한 고소함. 크림브렐레 비슷한이름의 커피도 만족스러웠음. 치즈케익도 퀄리티 훌륭했으나 디저트러버지만 유일하게 레몬류만은 디저트첨가에 불호인지라 남김...$$넘 맛있어서 나만 알고 싶은 곳! 아쉬운 점은 딱하나.. 오후 3시 오픈이라 점심 먹고 바로는 못 마신다는 것 ㅠ$$드립 굿$$드립... 이렇게 잘하는 곳 만나기 힘든데 인생커피집이네요
1441036898|24시 무인카페 만월경|$$$$무인카페라 가격 저렴하고 맛도 좋습니다 다만 화장실이 없는게 불편해요
564035782|유리키친|$$뚱카롱 개당 1,500원인데 너무 맛있어요. 커피도 가성비 굿!! 포장고객에겐 아이스팩까지 넣어주시는 센스까지 완벽합니다. 엄지척!!!
1497949774|리틀비틀 창동점|
706294203|선스랩|$$사장님도 친절하시고 맛도 진짜 최고입니당!!$$베이글은 앞으로 안나온다네요ㅠㅠ 그건 아쉬웠지만 다른빵 다 맛있었고 가게도 예뻤어요ఇ$$마들렌, 양파베이글, 소금빵 짱맛 그리고 사장님이 너무 친절하셔서 빵이 더 맛있게 느껴짐$$쌍문동에 새로 생긴 소중한 빵집  소금빵, 휘낭시에, 마들렌, 베이글을 구매했고 하나같이 다 맛있고, 많이 달지 않아 더 좋았다.  특히 소금빵은 단짠의 정석!  사장님이 친환경 봉투와 용기도 사용하시고, 구매 금액의 5%나 적립(!)된다.   앞으로 더 번창했으면 하는 곳 :)$$마들렌,휘낭시에,소금빵 먹어봤는데 저 커피어쩌고마들렌 개존맛이구 소금빵 사면 꼭 에프에 살짝 돌려먹어보셈 존맛탱
359121892|이디야커피 쌍문동점|$$투표 후 딸기 음료 먹으러 왔어용 큰길에 있어서 찾기 편하고 좋으네용$$와이파이가 안됨ㅋㅋ$$여기 사장 개별로임 절대 가지마삼$$으 별루...
1436014744|카페인중독 창동점|$$와플은 너무 맛있어요!  근데 직원분이 와플 만드실때 한쪽 손에만 장갑을 끼시고 안끼신 손으로도 와플을 만지시더라구요.. 요즘 같은 시국에 쫌 찝찝했어요$$$$여기진짜맛집임.. 와플꼭드세요..생크림이 다름 우유맛생크림 비싼생크림쓰는듯$$여긴 어떻게 맨날 뭐가 바뀜
1300572051|카페더문|$$크로플 맛있고, 커피도 괜찮음.$$$$크로플 위에 올려져있는 쫀득쫀득한 아이스크림 너무 맛있어요!!!! ㅠㅠ 꼭 드셔보시길 추천드립니다. 커피도 너무 맛있었습니다!!$$라떼랑 크로플 너무 좋음 쵸코케이크도 굳굳$$크로플 존맛!ㅠㅡㅠ
1933520510|김화자카페|$$$$분위기도 좋고 커피와 청귤차 맛도 아주 좋네요. $$모친의 이름을 사용한 네이밍은 카페의 홍보에 상당히 도움이 될 듯하다. 전반적으로 분위기가 차분하고 약간 중년틱하다. 봉구라떼.
1735961831|이디야커피 쌍문중앙점|$$2층 자리 좋긴 한데 주변에서 뭐라고 말하는지 다 들린다 공간 넓고 깔끔한 편$$$$여름에 에어컨 20도 맞춰서 틀어서 1층을 얼음지대로 만들어서 다 내쫒음 / 알바가 있는 자리는 아마도 그 바람이 안 가는가 봄 / 창고 앞 자리는 에어컨 바람 안가서 괜찮기는 한데 / 음악 때문에 소음공해 / 왠지 모르겠는데, 인터넷 한번씩 혹은 자주 끊김 / 공부들 못 들어 앉게 하려고 나름 머리써서 회전율 높이려는 전략인듯 /  공간은 넓고 2층자리 ...$$집 근처라..  가봤는데.. 괜찮아요~ ..깔끔하네요., 2층까지 있어서.. 입구에서 볼때보다 깊고 넓은거 같네요$$저녁알바생 바뀌고 나서부터 커피가 너무 맛 없어요 카라멜마끼아또 다른 이디야에서도 자주 먹고 여기서도 자주 마셨는데 이렇게 맛없는 곳 처음이고 그래서 바닐라로 바꿔서도 마셔봤는데 그것도 맛없고 모카로 바꿔서 바셔봐도 그것도 맛없고 분명 다 같은 이디야인데 재료아낄려고 조금씩만 넣는건지는 어쩐지는 몰라도 예전에 수유 이디야도 그렇다는 소문이 엄청 많았는데 지...
18612755|탐앤탐스 도봉구청점|
1684293987|카페봄날|$$커피 맛있는데요 여사장님인지 몰라도 두잔 시켰는데도 케리어하나 안챙겨주려는게 보여서 좀 그렇네요. $$라떼 고소하고 넘 맛있어요!
18300341|이디야커피 창동학원가점|$$저녁 9시 정도에 갔는데 직원분이 친절해서 감동 먹었어요 ㅠ 인생 구렸는데 좀 웃어주시니 기분이 좋네욤 번창하세요!$$오늘 방문했는데 마감타임 일하시는 분 정말 너무 친절하세요ㅠㅠ 오늘 하루 기분 좋게 마무리할 수 있게 해주셔서 정말 감사하다는 인사 드리고 싶어요$$$$$$매장이 좀 좁고 콘센트가 별로 없어서 카공족들한테는 별로 추천 안 함
1517596494|나우커피 쌍문점|$$쾌적하고 가성비 좋아요~
320476505|빽다방 도봉구민회관점|$$주문이 많아서 바빠보이시긴 했지만.. 진짜 다른 리뷰처럼 가루가 많이 안섞여있네요.. 제가 카페 알바 경험이 있어서 어떤 방식으로 제조되지 알아서 그런지 가루 녹이는 과정에서 문제가 있다는걸 사장님이 꼭 아셔야 할 것 같아서 리뷰 남깁니다. $$딱 저렴한 그맛이네요^^;; 가루도 다 가라앉고요, 직원들도 사람 뻘쭘하게 하고요^^;; 다신 갈 일 없으며, 좋은 커피 마셔야 된다는걸 다시 느끼게 해주네요!
26487038|이디야커피 방학역점|$$$$주말마다 자주가는곳! 동네이다보니 빠르고 친절하게 잘해주세요~ 굿굿!!
832224226|24시무인카페 더웨일|$$그림도 이쁘고 가격도 이뻐요⭐️$$$$
1882013483|더벤티 창동역점|
17284771|이디야커피 창동중앙점|$$바코드로 멤버십 인식 안된다, 커피쿠폰 인식 안된다 별핑계를 다 대며 결국 돈주고 사 마시라고 권하길래 그냥 나왔습니다 이런 매장은 처음이고 이디야 브랜드에 대한 이미지까지 나빠졌어요$$주말 오전오후 알바들이 음료 만드는 솜씨가... 성의가 없네요.녹차 플랫치노 4천원주고 시켰는데 휘핑크림만 먹고 버리긴 처음입니다. 얼음도 곱게 안갈려서 얼음 씹히고  녹차파우더 계량 제대로 안하고 넣어서 맛도 밍밍하고... 이디야커피에서 전 일했던 알바생도 맛없다고 했어요$$초콜릿 칩 플랫치노를 주문하고 휘핑 올려드릴까요?라는 말에 네, 많이 올려주세요. 라고 했습니다. 그런데 받자마자 이건 뭐지? 라는 생각이 들었네요. 사진을 찍었어야 했는데.. 못 찍었어요ㅠ 일하신지 얼마 안된 것 같은데.. 휘핑을 너무 조금 담아주네요. 양이 적더라고 원래는 컵사이드에 꽉 차서 담아주시 않나요. 휘핑이 적어 밑에 있는 초콜렛 칩 플랫치노가...
129036003|커피배우다|$$가게가 예뻐요 커피도 맛있어요
183694874|애니멀고파크 도봉점|$$애견동반 가능하고, 집이 가까워서 자주 오고 있어요~ 직원분들 친절하셔서 더 자주 오는 느낌 ㅎㅎ 올때마다 애기 알아보시고 인사해주셔서 넘 감사해요~$$을집 댕댕이랑 산책하다가 우연히 근처 애견카페 갔는데 너무 좋았어요  매장도 엄청 크고 다른 집 애기들이랑도 잘 놀구 직원분들도 우리 몽실이 엄청 예뻐해주셔서 재밌게 놀다왔어요 ㅋㅋ  몽실이 델꼬 미용실 가본적없는데 카페랑 미용실이 분리되어있어서 미용실 구경하고 싶다고 했는데 친절하게 안내까지 해주셔서 다음에는 미용도 한번 해보려고 합니다ㅎㅎ 담에 몽실이 ...$$2주에 한번꼴로 오는거 같은데 그때마다 호텔링하는 하는 친구들 케어 전혀 안해주시고 오픈초와 달리 지린내며 청소안한 냄새가 확남.. 알바생들 같은데 손님자리에서 노트북을 하지 않나.. 하루종일 핸드폰하고 수다떨고 담배피러 감... 갈때 없어서 오는건데 점점 사람도 주는거 같고(줄수밖에 없음), 오늘도 들어와서 결제할려고 하니 카운터에 3분이나 알바생이 있었...$$bad
1497417183|길동이네|$$커피 위에 크림이 크림이 아닌 느낌.. 크림먹고 워낙 별로여서 그런지, 커피는 예상한거보다 나쁘지 않았음.$$다른카페비해 음료가격이 괜찮고 양도많아요 맥주랑 와인도팔고 저녁부터 조명분위기고 펍으로 바껴서 괜찮네요$$인테리어는 예쁜데 음료 가격이 좀 쎄네요 솔직히 특별한 맛이 있나하면? 흠...$$존맛이네용$$아바라 존맛..
512121981|카페봄봄|$$현금 결제 유도함
27501588|소소한일상|$$내부가 너무 이쁘고 조용해서 책 읽거나 공부하기 좋았어요 편안한 카페에요ㅎㅎ 가격도 싸고 사장님도 친절하세요:)
571511081|한니베|$$하핫! 조카가 신비 아파트 강림이 캐릭터를 좋아해서 도시락 케이크를 준비 했습니다~^^ 신비아파트 강림이  신밧드의 왕자님이 되는 마법~~^^$$도착했을 때 아직 만들고 계셔서 종류가 많지는 않았지만 다른 모양도 예뻤습니다. 가시기 전에 연락 하고 가는게 좋겠네요. 선물한거라 맛은 모르겠습니다. 입구에는 턱이 하나 있는데 문은 여닫이 이고 내부는 아담해서 휠체어가 들어가기엔 다소 좁고 힘들 수 있습니다.$$어떻게 디저트집에서 커피에 감탄을 할 수가 있지..아메가 2500원인데 합리적에 내부는 좁지만 디저트 디자인이 신기했음
730671755|카페노브|$$조용하고 좋아요. 영업시간 추가해주세요. 제가 갔던 토요일에는 17:30에 문닫음$$차분하고 예쁜 분위기는 동네카페로는 나만 알고싶어요 ㅠㅠ 맛도 너무 좋아요~~!!짱짱
1697807577|영플랜츠&갤러리영|
27502282|요거프레소 도봉산점|$$
679539181|메가커피 창동이마트점|$$들어오자마자 마스크내리고 음식먹는 직원보고.. 음 그럴수 있지했는데 음료받고 출입자명부에 하란말도 없고 홀엔 잼민이들이 마스크 벗어던지고 침튀기며 소리지르는데 직원들은 관심도없음$$머리 위 조명에 거미줄... 할로윈 인줄...$$오픈한거치곤평일오전에 잠깐들렀는데 알바생여자들이  불친절 불쾌 거기다 아이스라떼는맹탕 우유가넘많이들어간건지 
1981789673|리프패럿 방학동점|
517036913|뛰노리방방 방학점|
870600856|이디야커피 창동블루핀점|$$깔끔하고 친절합니다  분위기도 만쩜~~~^^$$주차장이 너무 부족해서 매장앞에 잠깐댓다가 주차위반 딱지날라옴..비추..$$사장님이 친절하시고 토피넛라때 너무 맛있어요!$$여기 새로생겨서 그런가 깔끔허네
116409222|컴포즈커피 쌍문현대점|
27501925|이디야커피 도봉중앙점|$$$$알바생 말투좀...무서워요
2074461998|더벤티 방학역점|$$자주 배달시켜 먹는곳$$벤티 도장깨기하나 싶을정도로 자주가는데 매번 친절하시구 매번 맛있다. 양도 진짜 프랜차이즈 중에서 제일 혜자   벤티 최고$$
498924464|플레이플레이스|$$후기 잘 안남기는데 이건 아니다 싶어 느낀점들 후기 남겨봐요... 일단 매장이 너무 어둡고 갑갑합니다. 룸은 천장이 앉은 자세 정도로 낮아서 불편하고 룸 안은 너무 덥습니다. 이정도는 그럴만 한데 룸 안에 청소를 아예 안하시는것 같아요. 안에 부스러기며 음모며 너무 많습니다. 많아도 너무 많아서 안에 앉아있는 내내 찝찝하고 불쾌했습니다. 직원분들은 자기 할...$$겨울에 갔었는데 너무 춥고 어두웠습니다. 만화책도 별로 없었어요$$작고 소듕한 애교뿜뿜 무릎냥이가 있는 귀여운 최애 만화카페 :) 음식도 맛있고 갬성샷 잘나오는 분위기 + 넷플릭스 플스랑 닌텐도 스위치까지 없는 걸 찾는게 힘들정도..!! 절친이랑 아지트로 사용중ㅎㅎ
1567589438|더쌍화커피 쌍문동점|$$건강지키는 보약차입니다.$$사장님께서 친절하시고 좋은차 권해주셔서 잘마시고 왔어요 
124594424|투썸플레이스 도봉산점|
1213286493|플러드엠|$$존맛탱구리 최고에여.
2102551529|디저트얌|$$가격도 착하고 모양도 너무 사랑스러워요ㅠㅠㅠㅠㅠ 사장님도 너무 친절하십니다ㅠㅠ 조금 멀지만 자주 오도록 노력해볼게요. 너무 감사해요$$너무 친절하십니당. $$항상 마카롱 집에 떨어질때마다 들러요 ㅎㅎㅎ 꼬끄 쫀득쫀득하고 너무 달지도않고 넘 맛있어요 ㅠㅠㅠㅠ 사장님도 진짜 갈때마다 친절하시고 항상 반갑게 반겨주세여 빨리 신메뉴 먹어보려구 열심히 마카롱 챌린지하게됩니당 ㅎㅎ 마카롱 쿠키 꼬끄 다 맛있어요~~
997129998|커피낙타|
1543341062|웰리스|$$분위기 좋고 맛있어요 ~
2077942004|에밀리아카페 쌍문점|
1899631518|무궁화로스터즈|$$감성 돋는 카페입니다. 그런데 좌석이 너무 불편합니다.  공간이 협소하긴 해도 흔들거리는 식탁에서 맛있는 커피를 먹는건 아쉽네요..$$테이블 3개정도 있는 소박한공간에 편한좌석은 아니지만 커피맛이좋아요$$열시 오픈이라며 문 안 열었네$$아메리카노 3500, 크로플 12000  커피 싸네요! 맛있었어요~~ 크로플에는 정성이 가득 들어간 느낌 너무 맛있었어요ㅠㅠ 자리는 살짝 협소해요!$$아메리카노, 라떼 적당히 진하고 크로플이랑 먹기에도 좋아요. 크로플에 크림을 따로 주셔서 좋아요. 아이스크림 다른곳보다 많~~이 주셔서 마지막까지 크로플이랑 같이 먹었어요. 음료 디저트 전부 맛있어요. 
266454918|블랙캥거루|
13062101|이디야커피 덕성여대점|$$1점인 이유가 있....하...$$손님와도 전화 안끊고 통화하면서 주문 받아요..$$행사메뉴 주문시 그게 무슨 메뉴냐고 번복,  두번 메뉴 이름정확히 말하며 주문했음. 또  그게 뭐냐고 번복,  되게 이상한 표정으로 되물으셨을때 나갔어야 했는데요.  알바생이 직접 나와서 프로모션 읽고, 그게 뭔지도 모르시던 두분....  본인들이 프로모션 행사 하는제품 뭔지 모름-> 주문 불가 하다고 함 그러면 왜 부착했는지 모름.  알겠다고하고, 신메뉴...
56086492|선호하다|
1222381187|모드커피바|$$커피도 정말 맛있고 쿠키도 정말 맛있어요 종종 네이버 스마트스토어로 쿠키도 시켜먹음… 분위기 깡패 커피맛집$$쿠키맛집! 쿠키에 비해 커피가 약간 아쉬운 느낌이긴 한데 그래도 괜찮긴 함. 종종 쿠키 사러 감.$$$$쿠키가 너무 맛이 없어요. 반죽부터 굽기까지 다 잘못만들었어요. 쿠키가 쓰고, 토핑 없는 부분은 탄맛이 나요. 홈베이킹 초보자인 제가 만든 것보다 맛이 없어요. 이게 3천원이라니..  요즘 쿠키 진짜 맛있는집도 비싸봤자 3500인데 게다가 현지 뉴욕 르뱅베이커리도 이 쿠키 4달러에 파는데 이정도 퀄리티에 3천원이면... 정말 돈낭비다 싶고 다신 안먹고 싶어...$$
24546176|마을가족카페 너른마루|
1423698188|달리는커피 창동역점|$$$$
1227662457|카페502바리스타아카데미|$$사장님이 직접 로스팅하는 커피라 더 신선하고 맛있더라구요^^ 마들렌도 맛나요$$규모있는 카페처럼 화려함은 없지만 커피 진~짜 괜찮아요 커피를 우선으로 생각하시는 분들한테는 진심 추천이요 카페가 많아졌지만 대부분 커피알못인데, 502발견해서 넘 든든해요 출근할때 테이크아웃할수 없는 시간상 거리상 여건이 정말 아쉽습니다  $$가격 저렴하고 사장님이 직접 로스팅한 원두로 내려줘서 신선하고 넘 맛있어요~
1994690391|카페휴지|$$여기 달고나라떼 진짜 맛있어요
2075460574|방학동안|
1601214274|그리너리티케이크하우스|
27310041|커피공장2010|$$이사와서 동네 커피 투어중인데 산미가 강한 맛이였고  우유스팀을 기계에 넣고 돌려서 놀랐다.....쩝. 맛은 그냥 뭐 옆에 컴포즈 ? 거기가 내 입에는 나았다$$커피에대한  자부심이 있는곳!! 가성비도 굿!!$$지난주 커피공장 라떼를 마시며 지하철을 타고 성수동에 도착. 바로 블루보틀에서 카푸치노를 마셨는데 ...  커피공장 Win ~~$$$$아이스 아메리카노 기준, 산미가 없는 커피를 좋아하면 최고로 맛있음. 고소하면서 잡맛 안 느껴지는 깔끔한 맛이네요.
450620353|컴포즈커피 방학선덕점|
1493910396|이디야 창동제일점|
1987279455|더벤티 신방학점|$$프랜차이즈 싼맛이 거기서 거기라고 생각됐는데 여기 진짜 맛있어요. 카페모카 매니아인데 너무 달지도 않고 딱 달콤씁쓸한게 너무 좋아요. 딸기라떼, 딸기연유라떼도 맛있어요. 특히 커피류 제조음료 2배는 더 맛있음. $$커피가 싼데도 맛있어요!!
1361020553|카페크레프리|$$음료가 너무 맛있고 사장님이 친절하셔서 자주 가요~~^^$$$$
27322965|솔비커피숍|
1969129873|24시무인카페만월경 우이천점|
584801144|감성커피 도봉점|
13085613|커피마마 창동아이파크점|$$고구마라떼 진하고 넘 맛있어요!!$$아줌마들 모임장소 시끄러움 주의
1541229430|컴포즈커피 쌍문역점|$$커피맛은 그냥 평타 스페셜티원두라고 하든데.. 에스프레소 추출하는 직원이 솜씨가 없는건지..? 아침에 여자직원 둘있던데 친절하지도 않고,,  결론:재방문의사X
1306085504|과일팡|
673591059|오카페|$$
371572283|아미고키즈카페|$$
16382037|카페레|$$조용하고 음료 저렴하고 맛있음 맨날 테이크아웃하거나 과제하러 가서 사진은 없음 민트초코 진하고 맛있고 홍차라떼 달달함$$커피맛있고 분위기 좋음
739758048|153카페|$$직접키우신 상추로 더욱 건강한맛!  햄애그 샌드위치 요롷게 6천원~^^  머랭이 참 맛있는 곳인데 샌드위치도 맛있는건 또 머랭~~^^
1547992456|썬스마일|$$노래도 시끄럽고 고기는 차갑고 …. 잔도 종이일회용이라 멋이없음
1316784221|우지커피|$$분위기도 좋고 커피도 맛있어요~
27511565|카페비바|$$커피 최고예요~!$$커피향과 맛이 좋은 카페, 사장님의 편안한 미소가 마음 따뜻하게 해주는 카페, 매일매일와서 커피한잔하고픈 카페입니다 :)$$아늑한 공간, 친절한 사장님
2068171555|샤빙 쌍문점|$$재료 듬뿍 빙수집$$가격은 좀 있지만 맛있고 사장님이랑 직원분들? 다 넘 친절하세요ㅎㅎ 날이 더워 배달이 폭주한것같았는데 주문도 잘 받아주셨어용❣️ 집근처라 담엔 빙수포장하러 가려구요$$비싸기만하고 맛없어요, 홀은 좁구요
576807903|달콤픽|$$$$캐릭터 마카롱 주문했는데 디자인이 많이 달라요.. 인스타에서 보고 주문했는데 인스타 사진이랑 많이 다르니 참고하세요ㅠㅠㅠ
945175465|카페플라워|$$여자 알바생 있는데 되게 친절하네요 아메리카노도 완전 맛있어요!!!$$테이크아웃 1000원 할인 커피맛도 갠춘 좋아요!!
1760972945|베베라엘|
21525533|모도리|$$
26874652|우리동네커피집|$$도봉산이 확 트여 보여서 좋네요 커피도 비싸지 않아요 어르신들이 많아 좀 시끄럽지만 3층까지 잇어서 윗층은 좀 조용$$좋은데?$$
27290740|설나루|$$음료가 진하고 싸서좋았어요 서비스로 매번과자주는것도 귀여워요$$데이트 자주 갔었지$$미숫가루 빙수 굿! 수제 팥 추가 가능.
1770180986|티스푼|$$$$맛 ☆☆ 친절도 ☆☆☆ 가격 ☆☆☆   빵이 오래되서 안이 푸석합니다. 커피에 곰돌이 얼음까진 좋은데 케잌에서 아쉽습니다.
1806352753|소풍|
1958158450|레게노|$$커피 너무 탄거 같아요ㅠ$$레게노$$커피가 맛 있어요 $$커피도 맛있고 사장님도 친절해요~!!$$
22581322|카페꼼지|$$라떼 거품이 맛있네요^^ 
115506172|루트비커피 쌍문점|
2036375837|맘스케익 방학점|
1628996023|저스트시즌|
1009937809|클럽포틀락|$$아저씨 아줌마 둘다 커피 맛있게 잘만듬 인테리어 깔끔하고 아늑하고 좋음 모카 아메리 라떼  다 맛남!$$여기 맛도있고 쾌적하니 좋아요 덕대 앞 카페들 중 굳굳  특히 캬라멜솔티드라떼엄청맛있음!$$커피가 깔끔하고 맛있어요$$
1875405695|샐럽핏|$$야채도 신선하고 메뉴도 건강하고 맛있어요^^ 샐러드도 맛있지만 사실 샌드위치맛집이네요ㅋㅋ$$샐러드 만드는데 장갑도 안끼고 맨손으로해요. 최악$$흐흐 맛있고 쾌적한 건강음식~
2031238486|아마스빈 창동역점|$$알바생 친절쓰$$일요일 오후 방문했습니다 펄이... 너무 딱딱하네요 제대로 안삶아진건지ㅜ 직원분들 펄에 신경 좀 써주세요$$주말 알바 남녀두분! 둘이 잡담하느라 주문내용을 집중안하셨는지 틀리게 입력해서 음료 준비해주셨네요.. 다시 갈수도 없고 참..$$맛있고 엄청 친절해요
1997611999|텀브커피 쌍문점|$$음료 전 메뉴 L사이즈로 통일되고 음료시키면 특수 제작된 테이크아웃컵으로 저렇게 디저트 케잌 한조각 제공되는데 신기하고 아메리카노도 시그니처하고 프리미엄 등급이 나눠져서 나쁘지 않았습니다
2111250465|더쌍화커피|
1897896633|호구커피&크로플 창동점|$$찾아갔더니 포장이 안됨 집가서 배달하라함 보통 포장을 더 좋아하지않나? 불법판매하는건가?$$매장이 없어요? 구매하러 갔더니 매장은 들어올 수 없다하니 뭔가 찝찝하네요
198626518|한손에커피|$$최고최고!! 맛도좋고 사장님 너무친절하세요$$사장님 넘 친절하시고 커피도 너무 예쁘고 맛있어요! 쌍문동 맛있는 커피 여기 추천드려요! :)
27440423|쥬씨 창동점|$$$$딸기키위 당도 100으로 해서 시켜 먹었는데 맛이 맹물이었음$$와...후기 보니까 저만 그런게 아니였네요 버블티를 시킨건지 떡차를 시킨건지 버블이 얼마나 불었으면 2-3개 붙어서 빨대를 타고 안올라오는건 기본이며 버블 진짜 퉁퉁 불어있어요 그리고 제일 거슬리는건 알바생 태도 뭘했다고 찡그리면서 빨대꽂아드려요??이러는데 시비터는건가용??핳 더워죽겠는데 본인만 짜증나나 일하기시름 하지말던가$$차얌 버블티 먹었는데 펄은 거의 하루종일 불린것처럼 탱탱 불어있고 음료도 얼음 다 녹은맛 나서 먹다가 버렸습니다ㅎㅎ 음료 안나갔던거 얼음 녹았는데 재탕하시는건지 엄청 연하게 타시는건지는 잘 몰라도 그냥 거의 물맛 나서 맛이 별로였어요. 
27474438|쥬씨 쌍문동점|$$남자 알바생 진짜 몇번을가도 싹퉁이 여전하네;;;$$알바생아 와플만들때 맨손쓰지마라 jon-na더럽네$$남자알바생, 아주머니 너무 싸가지없어요.$$아메리카노 딴 지점보다 묽고요, 주인 아줌마 싸가지없이 손님 응대해여
1460170417|193 커피가게|$$아늑한 분위기와 맛있는 음료가 좋습니다 ㅎㅎ$$조용한 분위기 좋아요
24741163|커피두|$$너무 맛있고 사장님도 친절하세요~ (알바생도 서비스 굳♡) 인테리어도 아기자기하게 예쁘고 좋네요 ㅎㅎ  많이 애용하겠습니다~
79954923|카페쉼표|
294218766|이디야커피 창동대우점|$$일하시는 분들이 친절하세요$$새로 개업해서 매장이 쾌적하고 테이블 높이도 좋아요! 위치도 좋아서 자주 이용할 듯
2062624881|매머드익스프레스 창동점|$$알바분들이랑 사장님이 친절하고 커피도 맛있어요 가성비좋고$$가성비 굿!
26555910|아마스빈 선덕고점|$$직원분들이 항상 친절하세요 손도빨라요
23291659|란다방|
1750281018|쥬씨 신창시장점|$$사라짐$$사장님 너무 친절♥︎
482759959|미소카페|$$여사장님 너무 친철합니다!!! 커피 맛도 좋고 디저트가 제 스타일입니다. 추천합니다~$$디저트가 맛있는 카페예요 ♥️
1161808953|포시즌살롱|$$
1815772179|뉴욕54|
1150680267|24시무인카페 만월경|$$너무 좋아용
20314061|스트릿넘버502|$$여기 카페 사장님 바뀌었습니다. 예전이랑 달라요 $$커피맛도 좋고 사장님도 너무 친절하시고 근처에서 이곳만한곳이 없네요 ^^$$아메리카노 너무 맛있습니다!!추천^^
1586193325|샘터카페|
1773948420|모노치즈 방학역점|$$그릴드치즈도 맛나고 저렴해요 ㅎㅅ $$지금 이벤트 진행중 맛있음bbbb$$커피랑 베이커리 맛있고 사장님 친절해용ㅎㅎㅎㅎㅎ$$사장님도 직원분들도 깔끔하고 친절 하시네요 그리구 사장님이 예뻐서 깜놀 ㅋ $$깨끗하고 맛있어요 직원들 친절해요~
2045356299|카페매로우|
13559760|커피짚|$$넓고 분위기 좋은 북카페입니다 어린이책도 있어 애들 데리고 오기도 좋습니다
1077822111|휴일|$$개인적취향의 주관적후기. 2022년 3월5일. 오전11시 조금 지난시각. 발바닥공원이 끝나고, 방학천산책로로 건너가는 횡단보도 옆으로 보이는 카페. 아메리카노 한잔만 마시려했다가 마들렌도 함께함.(빵류는 마들렌과 크로와상 밖에 없었는데, 프랑스제라니 믿고 고름. 빵은 역시 프랑스) 마들렌 꿀 케이크는 프라하에서 왔다는데, 마들렌 먹어야하니 다음으로 미룸. ...$$분위기 아늑ᆢ 음악 사랑스러운 ~ 커피맛 일품  게다가 매니저님  단단히  친절하시고 ~~~♡$$사장님 친절하시구 분위기도 좋아요~~~$$일반커피도 맛있지만 시그니쳐메뉴인 딸기 라떼가 정말 맛있어요- 추천! 핫, 아이스 항상 고민...  공원이 옆에 있어서 카페쪽에서 바라보는 바깥쪽 경치도 좋고 주변이 조용해서 시간 보내기 좋아요 ヾ(･ω･*)ﾉ$$내돈내산 후기  방학천에서 가장 가까운 제 최애카페입니다. 드립커피가 없는 점이 아쉽긴한데 에스프레소 원두도 신맛이 강한 고급진 느낌이라, 음료를 받고 커피향으로, 한모금 마시고 혀끝으로, 여러번 행복해지는 느낌. 가끔 단 게 당길때는 이집 시그니처 메뉴인 딸기크림카페모카를 마시는데, 그때마다 갖은 스트레스, 근심걱정이 일순이지만 사라집니다.  비커피 음료...
1589489772|위드그레텔|$$레몬 파운드 케이크 퐁신하니 맛있어요 치즈케이크도 향 찐하고 맛있어요$$레몬파운드케이크 레몬향 진하고 맛있음 치즈케이크도 쿠키도 맛있음$$쿠키를 정말 좋아해서 많이 먹어봤는데 먹어본 쿠키 중 가장 맛있어요 맛은 진한데 하나도 안 느끼하고 너무 딱딱하지도 너무 무르지도 않아요 쿠키가 폭신폭신해요 행복해지는 맛이에요 달달한 음료 좋아하시면 얼그레이 크림 올라간 초코라떼도 꼭 드셔보세요 시그니처인 이유가 있답니다$$단호박소보루치즈케익이랑 바닐라라떼 마셨어요 케익 존맛탱이에여 다른것도 먹어보려구요 다른 메뉴도 너무 기대됩니다 크으 --------- 레몬파운드도 너무 맛있어요...ㅠ
822598501|모모커피|$$
745449728|아마스빈 방학역점|$$하동녹차 버블티 맛있어요~
209825596|도봉산만남의광장카페|
399975119|커피베이 방학성원점|$$친절하다고 리뷰 쓰신 분이 궁굼합니다. 뚱해서 주문 받고 그러네요, 여직원 하고 같이 가서 그런지? 남자에게만 친절하나 보네요$$항상갈때마다 친절하십니다
131344705|카페루앤비 방학점|
1676287672|사라의정원|
20542509|약속다방|
595034622|밀콩|
14499483|토프레소 방학역점|
1730457533|카페트리|$$커피맛이좋았어요!!
136013316|셀렉토커피 방학역점|
162140415|더라운드커피|
1322549405|베리베리|$$빅사이즈 커피가 2처넌밖에 안하고 수박주스도 개싸..맛잇..꼭 가야함$$이곳은 떠야한다. 돈쭐 내주자  이유 1. 진짜 먹어본 크로플 중 제일 맛있음 2. 내 얼굴만한 크기가 3,500원 3. 시장 안쪽에 있어서 자리 디버프 받는중 4. 일하는 누나들이 왕 예쁘고 왕 친절함  >단점 커피가 너무 니맛도 내맛도 없는맛 크로플 살때만 가게된다. 얼른 떠서 커피도 업그레이드하고 맛있어졌으면 좋겠다.  이상
1338584242|디어맘|$$여기 진짜 다 맛있어요!!! 특히 슈페너크림라떼 최고!!! 스콘, 크로플도 다 맛있어요! 그리고 사장님 센스가 엄청나서 인테리어도 정말 예쁘고 매번 조금씩 계절에 맞게 소소하게 꾸미는 게 넘 예뻐요! 포토존 가득! $$분위기가 좋아욤ㅎ
320421883|공감7080라이브|
56056948|카페5봉|$$
1778024655|만월경 방학점|
27310926|삼춘네커피집|$$막 오픈했었을 당시 바로 옆에 살아서 가족끼리 자주 갔던 카페입니다.  사장님 친절하시고 시장에서 가끔 만나면 인사도 했었는데 잘 계시나요??ㅎㅎㅎ$$마스크 좀 써 주셨으면...$$편안하고 커피 맛있어서 좋아요~
1973785847|쌍문달빛|$$도봉구 커피 1짱맛집
20546797|양지다방|
795765258|쥬씨 도봉역점|
1893965594|카페 게이트|$$바라떼 맛있음
1824020165|카페그루|
1062588387|땡큐|
128075118|이요|$$어제 우연히 발견한 요거트집. 요거트 특유의 신맛이 없이 진하고 꾸덕해서 맛있다 연발하면서 먹었네요. 오늘 또 방문해서 두유요거트도 주문해봤는데 개인적으로는 일반요거트가 더 입맛에 맞아요. 전문요거트집 알게되서 좋습니다.$$동네에 깔끔하고 예쁜 요거트가게가 생겨서 좋은데 엄청 꾸덕하고 진해서 내 스타일은 ㅠㅠ 그래도 요거트 좋아하시는 분들은 방문하시면 좋을 것 같네요.$$맛있고 깔끔해요
1021761752|아토|$$커피가 정말맛있어요♡$$자몽에이드가 정말 맛있어요 ㅎㅎㅎ 자몽청도 따로 팔더라고요
21231693|무지개다방|$$
1967724048|빽다방 쌍문세라믹점|$$어린친구들이해서그런가 친절해용$$바쁜데도 친절하게 맞이해주시고, 음료도 맛있네요!
21242201|수정다방커피숍|
1789305824|알콩달콤|$$사장님 부부가 친절하시다!! 타르트도 달달하니 맛있고 음료수도 양이 많아 배부르게 먹을 수 있당 창동 갈 일 생기면 항상 가는 카페 
6113774|설레다 커피테이블|$$메뉴 전체적으로 다맛있고 저는 라떼랑 아메리카노를 자주 먹습니다 원두가 부드럽고 달콤한  느낌입니다$$복숭아에이드 너무 맛있고, 브라우니도 달달해서 맛있어요!:) 카페 인테리어도 이뻐서 좋아요! 얼그레이아인슈페너도 맛있었어요!!!     (화장실도 깨끗하고 좋음!)
1910675040|아임파인|$$시그니처인 비엔나는 왜 시그니처인지 모르겠음. 우유랑 커피를 섞으면 우유맛이 커피맛을 다 가려버림. 밤 휘낭시에는 밤맛은 안나는데 휘낭시에로는 나쁘지 않았음.$$커피숍의 기본은 커피맛인데 기본에 충실한 집...$$디저트류 맛있고 팬지에이드 궁금해서 먹어봤는데 시원달달한데 또 청량하고 꽃내음 스을쩍 나면서 오묘한게 맛있었어요 !  물론 커피도 맛있어요 사장님 친절하십니다 ㅎㅎ
1630352076|카페향|
27501865|미스터브리즈커피 도봉산입구점|
1422286808|산이|
1274954879|달보드레|
1716169530|윈썸35|$$맛없고 불친절 주인 혼자 계속 궁시렁 거림$$사장님도 친절하고 서울에서 보기 드물게 뷰도 좋은 카페. 청결도도 매우 높고 깔끔함. $$커피도 맛있고  이집 스콘이 사장님이 직접 구워내시는데 고퀄이에요. 맛나요 증말  원당공원 초록정원 뷰도 좋아 힐링공간이구여 주말마다 와야 하는곳이라 올때마다 꼭 들려요.  사장님도 친절하시고요.  사장님 흥하시길~ 
17955165|커피하우스 커픽|$$커피맛이 좋아서 자주가는데 5번갔는데 다 휴가중이네요 휴가중이면 몇일부터 몇일까지인지 붙여라도 주시지 문닫은지 2주가 넘었네요 문닫았을까봐 못가요 더이상$$
918403220|이디야커피 창동하나로마트점|
16964056|카페오늘|$$
20279894|카페루씰|$$좋아요
663483466|카페23|
2037305643|카페딕딕|
1282079067|커피에반하다 쌍문역시티프라디움점|$$저희 본가 앞이여서 자주갑니다. 장소도 넓고, 사장님 부부도 아주 친절하셔요. 공부하기도 좋고, 담소나누기도 좋아요. 쌍문주민이라면 꼭 가보세요^^$$좋은글 남겨주세용~" 힘이됩니다! 감사합니다
18446353|아크인터내셔널|
27497296|커피지애 쌍문점|
1531227215|커피골목|
19575464|콩나무|$$아메리카노 맛있음 약간신맛남 알바생마다 맛이좀다름 코코넛커피 핵존맛탱 맨날먹고싶음 그냥동네카페가 아님
449659915|마이요거트서울|
1090646639|초코렛다방|
1689783843|메가커피 이마트에브리데이도봉점|$$지금 방금 전화드렸는데 일부러 전화를 받았다가 바로 끊어버리시네요(매장소리 다 들렸습니다) 음료 주문 전 부터 기분나쁩니다 완제 마카롱 없을까봐 전화드린건데 너무하시네요 서비스마인드가 부족하신 것 같습니다 
1878758912|카페레버리|$$차가 맛있음  다음엔 다른 것도 마셔보고 싶음 화장실이 깨끗하고 카페 안도 아늑하고 좋음$$사장님이 정말 친절하심
234881317|쿠키얌|
195846741|커피나무 쌍문점|
2048595424|이레카페|$$불친절 ㅋ$$피자만 먹어봤는데 맛있네요~$$
847497331|메가 엠지씨커피 창동대우점|
808022340|감성커피 방학동점|$$새해 첫날 중랑천 산책길에 음료수 한잔들고 걷는 기분이 좋다. 산책 나가는 길에 위치한  감성커피에 들러서, 제철딸기로 만든 "듬뿍딸기밀크스쉐킷". 맛이 참 좋다. 그보다도 더 좋은것은 사장님이신지 직원분이신지 모르지만, 주문기계가 서툴러서 뒤에 기다리는 손님도 있고 당황해 버벅대는 나를, 친절하게 도와주면서 상냥하게 대해주는 따스함에 새해첫날의 행복감을 ...
1275280745|몽띠쁘유|
1590967972|대디롱|$$사장님 엄청 친절하시고, 맛은뭐 당연히 맛있음
903228877|커피드림|$$커피가 맛있고 싸네요 양도많고$$분위기도 좋고 가격도 싸요^^
511933878|쉼표디저트카페|$$여기 너무 좋아요 :) 커피콩빵도 너무 맛있고 청귤차가 달달하니~ 존맛탱 강아지도 출입할 수 있어서 너무 좋았어요 :)$$가격 착하고, 매장 넓어 쾌적해요.  매장 입구 턱이 없다싶이 낮아서 혼자 윰차 끌고 조용히 다녀왔어요.ㅎㅡㅎ 
790088035|쥬씨 선덕고점|
410969950|카페그린버디|
27322853|낭만커피숍|
338730139|타코다방|
15717273|모멘토모리|
2079533066|매머드커피 창동이마트점|
1272835376|그리트룸|$$커피는 맛있고 주인은 친절하다.$$$$
21330511|그라찌에 덕성여대노천점|$$$$전망
316920081|휘드카페|$$테이블에서 모레같은게 느껴져서 물티슈로 닦아보니 먼지가 장난아니네요....;;;; 이런곳에서 커피 못마실것같아서 나왔어요.. 주문 받으시는 분도 친절하지 않고.... 친절까지 바라지 않지만 매장 청결에 신경 쓰셔야겠어요....$$사장님 완전 친절하시고  아이스아메리카노2.800원 가격도 착하고 맛도 끝내줘요
20198996|리얼빈스 덕성여대점|$$사장님 늘 기억해주시고 친절하세요$$커피에서 커피맛이 안남 ㅋㅋㅋ  살면서 먹은 최악의 커피$$맛있고 분위기 좋고 사장님도 친절해요$$좋은 사장님이와 맛있는 커피도 있어요. 
23557270|토프레소 창동점|$$정말 친절하신 사장님! 서비스 응대에 커피맛도 덤으로 좋습니다.$$친절하신주인분  커피맛은 쏘쏘
621513590|라스커피|
1292481208|원해븐|
344382217|커피에반하다 방학역점|$$$$항상 친절하시고 좋네요  가성비가 좋습니다  추천합니다$$가성비 갑!$$진짜 별로......... 절대 가지 마세요 
277406274|카페베네 한일병원점|
124773626|카페84|
1722986686|컴포즈커피 신창시장점|
570628686|만월경 쌍문역점|
124077658|쌍문다방|$$나쁘지 않아요
1342670051|카페도경|
1694217047|카페까망|
2117642585|혜섬하우스|
20180919|여행수다|
16079947|커피룸|
228529446|웅천마음선원|$$
277928869|그때거기|$$샌드위치 맛집!!
500818648|그리다꿈 창동점|$$딸기우유 맛있어요.
1982106836|던(DAWN)|
2068457183|언제나봄|
26467188|꿈빚는마을 방아골|
495794377|깡통커피|$$
1078255577|카페잇 에이치큐브점|$$친절하고 맛있어요 커피가 깊은맛이나요 무엇보다 청결한것같아서 기분이 좋네요$$점원인지 주인인지 모르겠으나 고객에 대한 서비스가 형편없음
27512675|달달한커피|
1042822938|냠커피|$$마음씨가 착한 사장님이 계신 곳. 유튜브 보고 찾아왔습니다. 장사 대박나세요! :) $$
1932622137|커피앤드케이스 쌍문점|
24944363|스노우플러스|$$사장님 너무 친절하고 섬세하셔서 금방 단골될 것같아요^^$$$$사장님 너무 친절하시고 무엇보다 커피가격이 너무 착해요! 항상 이용하는 우리동네 숨겨진 맛집이에요!! 여름엔 빙수도 있는데 완전 혜자 존맛탱구리 흥해라
1815707400|달콤스푼|$$떡카페? 일반카페던데요. 샌드위치 괜찮아요. 4500원  학교 앞이라 와플 저렴해요. 담엔 와플 도저언~~
686029155|잇다|
8416091|아르빈스|$$
45810291|커피베이 덕성여대앞점|
1416122470|더보틀플레이스|
223824824|트리킹즈커피 창동점|$$커피도 맛있고 분위기 좋았어요 여친하고 자주 올게용$$할많하않
911943234|마마누|
1218703215|룬발롱|
16042148|별궁|
955315901|도당9|$$커피 맛이 좋아요 ~$$가격도 저렴하고 맛있어요  ♥$$
792854327|카페이응|$$
98897457|쥬씨 방학역점|$$오 정보 시반드 안 고치냐 졸라 짜증
66956781|카페본스|$$동네 로스팅하고 핸드드립 하는하는데 3000원대 goooooooood$$Tiny, clean, good taste, kind, selective coffees, reasonable price$$불친절$$
13725359|이수|
1801568857|커피네임|$$
1649803398|컵오브커피 창2동점|
1811315695|엘림커피|
1030191465|끄레모소 커피마켓 3호점|
2131092550|매머드커피 창동점|
1088192156|스윗가든|$$호두강정세트.쌀구움세트 각 한개로 구매했어요!!!! 추석선물세트로 문자로 문의후 구매하면 됩니다!!! 선물포장 고급스럽게 잘되어있어서 맘에 들어요!!! 장사 대박되길~~~♡♡
525870503|차얌 방학역점|$$와플 포장이라고 했는 데 음식 다 들어 나게 줘서 넣어달라니 저한테 따지세요. 서비스도 안좋고 맨손으로 만지시네요.  담에 안 가야 겠어요$$리뷰가 왜 이런지 알겠네요;;  뒤에 일정이 있는데 매장 안에 기다리는 사람들도 있길래 "오래 걸리나요?" 물어봤더니 "뭐 시키실건데요? 주문부터 하세요" 이래서 "딸기바나나요" 이랬더니 "도대체 오래가 얼만데;; 그걸 왜 물어봐;; 하," 이러면서 기가 찬 웃음을 지으며 혼잣말인듯 들으라고 짜증을 내시네요.  저도 음료 알바 오래 해봤는데, 만들면서 얼마...$$윗분들의 리뷰가 공감되는 집입니다.... 이따위로 할거면 제발 장사 접어라 $$왜 그런 사람들 있잖아요 대화가 안되는 사람들 그런 사람 상대로는 뭘해도 대화가 되지 않습니다  여기 사장님이 그런 사람이더군요  와플 주문하고 10분이 지나서 몇분 남았는지 물어보니  신경질을 내며 "제가 오래 걸린다고 했죠?"  라고 하는데...이런 경우에는 얼른 그 자리에서 도망쳐야 합니다  위험을 감지하고 얌전히 앉아있다 5분후 와플을 받으며 감사합...$$5분쯤 기다리다가 앞에 정차를 해놔서 얼마나 걸리냐고 여쭤봤더니  왜요? 앞에 사람꺼 하고 있었잖아요 불안하시면 한바퀴 돌고 오세요  이러고 자빠졌습니다 너무 예상 밖 대답이 돌아와서 가만히 있었는데 차 부분은 이래라 저래라 하실게 아니라 제가 알아서 하는거죠 얼마나 걸리는지는 듣지도 못했네 허허
1648588112|슬라떼|
945568235|모나르카커피|$$
1025460616|폼폼커피베이비|$$아무 생각없이 갔다가 싼 가격에 놀라고 싼맛에 기대한 커피맛에 역시 이 맛이지 $$7월 9일(금)오픈합니다~!
92276642|나우커피 서울방학점|
16679413|불꽃찻집|
27501523|카페알콩달콩|
1178371727|지점핑|$$여기 혹시 지금 문 아예 닫았나요?? 티켓팅해놓은거 있는데 없는번호라고 나와요  사장님핸드폰  안받으시고요$$우와 보호자 무료커피 엄청 넓고 저렴~
301025010|잭스커피트리|
20174854|자바플랜|$$치킨이 대표메뉴라고 하셔서 주문했는데 진짜 맛있네요~~ 치킨 바삭하고 치킨 감자로 추가 주문하니 감자튀김이 수북하네요~~~먹태도 쫄깃 고소하니 먹태도 맛집이네요.  사장님도 친절하세요..$$주인 아주머니도 친절하시고 메뉴가 다 맛있어요! 산행 후 마시는 시원한 맥주도 꿀맛~$$이제껏 살아,오면서 이리도 손님에게  불친절을 넘어  반대 갑질 하는 업소는 처음, 포크 더 요구 했더니 대답 없이 인상 쓰고 휙~ 소금 더 요구 했더니  똑 같은 상황,  제 일행은 결단코 무례 하거나 갑질은  전혀 없었음,  절대  이업소 이용 하지 맙시다, 
635589810|v45뷰티라운지|$$핫아메리카노 시켰는데 미지근한게 나와서 말했더니 말도 없이 전자레인지에 데워줌. 그래서 기본적으로 다시 해주는게 맞지않냐? 전자레인지에 데울거면 먼저 물어보는게 우선이지 않냐? 했더니 빈정대면서 전자레인지에 데우는게 뭐 어떠냐는식.  기분나빠서 다신 안가려구요 ^^ $$이런 집도 장사라고. 주인의 인성이 안된 사람들이죠.  절대 가서는 안되는 집입니다. 아포카토 주문했는데, 완전히 개판입니다. 제발 그러지 맙시다.$$완전 불쾌함 표정 무뚜뚝 아주 서비스꽝  카페를 안하시는게 나을듯 음료도 완전 꽝 돈이 아깝고 다시는 가기싫음 장사하시기  싫으신듯.. 위치도 좋은데 서비스와 맛이 완전 0점$$친절하고 깔끔해요
16067281|카페말로 덕성여대점|
197889678|달달하당|
2132512895|쿠바프레소 쌍문동점|
1111794341|카페문|
16620899|나무야나무야|
21317566|커피&필|
1223935853|큐티카페|
16330121|달달한오후|
822886061|2.9샌또다방|
27505865|커피볶는집|
14526430|마운틴커피숍|
27511615|복다방|
113035757|서울특별시 다방구|
19781836|카페아크|
1565417794|쉼|$$편안하고 아늑해서 너무 좋아요 맥주도 시원하고 안주도 맛있네요! 아지트 될거같습니다! 자주갈게요
669773755|떼루와 도봉산점|
705389115|메가커피 신도봉시장점|
1771660275|도로시|
1715555630|스위츠 루스트레|
1602733333|커피베이 신창시장점|
1850430067|달콤한디저트|
2075908926|명가통닭|
1102603716|커피 엔드 케이스|
1561788302|커피중심|
1059934264|카페ALO|
851705005|헬로우옐로우|
16935237|커피나루|
1623619437|매머드익스프레스 이마트 창동점|
2014773290|카페엉클|$$사장님 친절하시고, 커피도 신맛이 안나서 좋아요 ㅎㅎ$$$$사장님 너무 친절하시고 인심 좋으십니다 ㅋㅋ 특히 에이드쪽은 직접 사장님이 청을 만드신대요! 꼭 먹어보시길
1181867654|카페네코|$$넘 죠아요 사장님 친절하시고 정성가득 음료도 맛있고 커피잔이나 쟁반같은것도 다 예뻐요 고양이는 더 예뻐요$$친절 스윗 음료 정성 있고 맛이 좋음
19499582|카페까망|
486758099|롱맥|
315193116|셀라|$$분위기도 좋고 정성으로 만든 차와 와플까지 너무 맛있었어요~^^ 시간 되면 또 갈께요~$$우연히 지나다 들렀는데 커피와 분위기가 맛있습니다.
13057695|세움카페|
311321729|차얌 쌍문동점|
16297620|커피마마 창동점|
26156664|북카페꿈|
16413114|광수생각커피전문점|
576770168|댓라인|
1213212145|레인보우커피|
27547833|꼬꼬마놀이터|
13300613|테이크온미 창동점|$$작은 커피로스팅샵. 음료는 테이크아웃만. 착한 가격과 이집 특유의 맛 때문에 원두구입하는 아끼는 가게.
18784389|해피트리|
24583479|블루힐|
1136889323|만남|
1865729954|희서커피|
903531535|카카오브로|
459188876|잭카페|$$커피맛 좋습니다 ㅎ 사장님 친절하시구용
1315781098|커피크루|
1780763073|피어라희망협동조합|
1050501542|카페칼디|
24073483|엘가커피 창동점|
1365338999|펀플키즈카페|
343661960|쓰임|
1914636513|슈퍼드링크|
27511419|퀸즈플레이스|
1419838151|제리당|$$ㅠㅠ하나하나 다 넘 예뻐요.. 근데 맛은 생긴거보다 더 좋아요  마카롱 먹은중에 제일맛있어요!!!!  요즘 유명하다는 마카롱 다 찾아다니며 먹고있는데 왜 유명한지 이해 안가는데도 많고 가격도…. 근데 제리당은 가격도 착하고 맛있고 예쁘고 다 하네요  제리당… 현재까지 1등입니다 자주가게 될것같아요☺️☺️☺️ 품절된 마카롱들 맛보러 조만간 가겠습니다!!  사...
27331953|더옐로우하우스|
484455968|주얼리카페 도봉점|$$맛에 비해 너무 비싸고 정체를 알수없는 내부.ㅜㅜ
616581982|사계절|
343422080|바닐라민트|
20549165|다우리|
1398061051|카페더뮤즈|
20539284|도토리|
333680220|까르페디엠|
311545155|와일드커피컴퍼니|
122280888|더빅|
714927403|1089|
848292865|커피니 여의도순복음도봉교회점|
1227465634|카페 회상1994|
21529873|카페쿤|
24167230|에버롱런던 덕성여대점|
924503990|차얌 창동점|
2034236394|둘리카페로(RO)|
95559816|커피식스 도봉역점|
1733906325|아이빅쓰리커피엔드케이스|
924609561|커피하루|$$아침마다 친절한 사장님이 내려주시는 따뜻한 커피와 함께 책을 읽고 있어요. 정말 감사한 곳이에요. 직접 구워주는 수제쿠키 냄새도 좋아요. 마음에 평온함을 주는 곳이에요. 또 이곳은 커피 맛이 괜찮아요. 사장님께 물어봤더니 무슨 리브레를 쓴대요. 비싼 원두래요. 
13284670|커피체리|
20884458|초이스|
14515665|밥스커피|
16503163|옐로우트램|
1177797451|커피식스쥬스식스 쌍문점|
476272132|마음카페|
105520188|라노떼|
1140814584|커피농장|
22320834|더커피|
712892970|리저스|
54163851|(주)세상을움직이는힘세움카페|
27511637|커피정글|
1663973205|기가델리|$$진짜 맛없음 돈 아까움 이딴 케이크를 돈주고 맛보다니 화가 남
702422358|카페라빈스|
1799702747|좌훈카페 방학점|
17545870|행복한나라앨리스|
21419217|커피브레이크|
1435470630|카페보들리|
27323056|커피J|
27501613|아크커피|
1731871608|루이네 북카페|
971606860|에그르두스|
1406970250|탭플레이커피 홈플러스방학점|
1006700229|또와커피|
1809527223|키페토브|
1353194645|달콩|$$샌드위치랑 수제청 대만족  샌드위치는 진짜 신선함이 서브웨이 저리가라예요 ㅋㅋㅋㅋ 동네주민이면 한 번 방문해보세요!
14544594|동네커피집|
27506010|카페토요일|
935477447|cafe 봄|
23296933|진영|
273094629|빽다방 창동역서부점|
459001670|김준호의대단한커피 쌍문점|
2012155949|커피하다|
1628479502|테이크아웃찻집|
2122499113|커피사랑|
21328415|깡스커피|
2090537928|카페캠퍼 도깨비시장점|
571007867|사랑해디저트|
21354698|쌍용커피|
1400949872|커피이야기(coffee story)|
27410360|러브컵|
27309900|카페정커피카페|
260488533|제이네가게|
20548871|카페정|
930818338|한마음커피숍|
21409227|그라찌에 덕성여대학생회관점|
1035616003|카페쿠잉|
976400053|미라클커피숍|
1967517626|뮤직카페|
1688861982|카페;보다|
1781779653|마을카페책마루|
488286636|라이트 앤 솔트|$$카페 너무 예뻐요!!티 잔들도 너무 예쁘고 티랑 대파치즈 스콘 너무 맛있어용!!동네에 이런 이쁜 카페가 생겨서 너무 좋네요
27506007|카페인루|
1960327100|주노스카페|$$카페인 줄 모르고 지나가다가 내가 좋아하는 블루스타일에 이끌려 들어갔는데 커피맛도 좋네요~ 단, 좌석이 많지 않은 점이 좀 아쉬웠어요~$$
1521879237|핑크|
1625009808|퓨전|
16081350|항아리라이브|
23397990|서룡씨앤케이(주)코와핀|
21362566|그라찌에 덕성여대차미리사관점|$$돌아와 쿠바버
1783407209|주식회사 스마일쓰리-방학|
1214630183|마사니|
17592047|커피치노|
1981704007|주식회사 기가델리GIGABELLI Co Ltd|
