구|URL_ID|카페명|평점|리뷰개수|주소|영업시간|전화번호|홈페이지주소|태그|메뉴|대표사진주소|
동작구|26646835|카페퍼블리코 본점|3.7|24건|서울 동작구 상도로 47 헬로우빌딩 1,2층|영업시간&매일 11:00 ~ 21:00|02-815-4000|www.caffepublico.com|#카페 #분위기좋은 #브런치카페|메뉴 이름: 아메리카노 가격: 4,000&메뉴 이름: 카페라떼 가격: 4,500&메뉴 이름: 아인슈페너 가격: 6,000&메뉴 이름: 허니 자몽 블랙티 가격: 5,500&메뉴 이름: 토마토 모짜렐라 파니니 가격: 8,500|//t1.kakaocdn.net/thumb/T800x0.q80/?fname=http%3A%2F%2Ft1.daumcdn.net%2Fplace%2FF319FBDA803246E0B635565DB4F360A1
동작구|19392595|페니힐스|3.7|40건|서울 동작구 동작대로1길 10-14 1층|영업시간&매일 12:00 ~ 21:00 (3층 운영시간 - 13:00~21:00)||instagram.com/penny_hills|#커피전문점 #로스팅전문 #브런치카페 #빈티지분위기 #핸드드립전문점 #제로페이|메뉴 이름: 아메리카노 가격: 4,000&메뉴 이름: 카페라떼 가격: 4,500&메뉴 이름: 바닐라라떼 가격: 5,000&메뉴 이름: 자몽티 가격: 5,500&메뉴 이름: 자몽에이드 가격: 6,000|//t1.kakaocdn.net/thumb/T800x0.q80/?fname=http%3A%2F%2Ft1.daumcdn.net%2Flocalfiy%2FC45A7535C9D247869DCFF5B290D790D2
동작구|26603579|세녹|2.7|41건|서울 동작구 사당로 304|영업시간&매일 00:00 ~ 24:00|02-597-8001||#카페 #24시간카페 #루프탑있는 #브런치카페 #스터디카페 #이국적인 #제로페이|메뉴 이름: 아메리카노 가격: 5,000&메뉴 이름: 카페라떼 가격: 5,500&메뉴 이름: 초코라떼 가격: 6,000&메뉴 이름: 쿠키앤히어로 가격: 7,000&메뉴 이름: 죠리퐁프라떼 가격: 7,000|//t1.kakaocdn.net/thumb/T800x0.q80/?fname=http%3A%2F%2Ft1.daumcdn.net%2Fplace%2F6F74B52032D4489DB8822B1E6AA8F52D
동작구|202438281|뚜스뚜스 흑석역점|3.4|23건|서울 동작구 현충로 75 1층|영업시간&매일 08:00 ~ 24:00|02-3664-9000||#카페 #베이커리카페 #브런치카페 #카카오페이 #제로페이|메뉴 이름: Americano (12oz) 가격: 4,000&메뉴 이름: Longblack (12oz) 가격: 4,000&메뉴 이름: Cafe Latte (12oz) 가격: 4,500&메뉴 이름: Vanilla Latte (12oz) 가격: 5,000&메뉴 이름: Hazelnut Latte (12oz) 가격: 5,000|//t1.kakaocdn.net/thumb/T800x0.q80/?fname=http%3A%2F%2Ft1.daumcdn.net%2Fplace%2F0C30153B2B41464DBEB1D0CDA04B7498
동작구|825283133|머치커피|4.4|21건|서울 동작구 동작대로9길 43 1층|영업시간&매일 11:00 ~ 21:00|0507-1320-2726|www.instagram.com/muchcoffee_official|#카페 #감성카페 #로스팅전문 #북카페 #애견동반식당|메뉴 이름: 너티 크림 모카 가격: 6,500&메뉴 이름: 아메리카노 가격: 3,900&메뉴 이름: 카페 라떼 가격: 4,600&메뉴 이름: 아인슈페너 가격: 5,200|//t1.kakaocdn.net/thumb/T800x0.q80/?fname=http%3A%2F%2Ft1.daumcdn.net%2Flocalfiy%2F60FDB3F5B4304A378D4F1A7D9B2B7982
동작구|273270660|디피스트|4.8|25건|서울 동작구 동작대로27길 31 2층|영업시간&월,화,수,금,토,일 11:00 ~ 23:00&휴무일&목요일|02-536-6234|www.instagram.com/deepest_coffee|#커피전문점 #분위기좋은|메뉴 이름: 아메리카노 가격: 3,500&메뉴 이름: 라떼 가격: 4,000&메뉴 이름: 카카오 카푸치노 가격: 4,000&메뉴 이름: Black Coffee 가격: 5,000&메뉴 이름: Cafe Lait (Hot) 가격: 5,500|//t1.kakaocdn.net/thumb/T800x0.q80/?fname=http%3A%2F%2Ft1.daumcdn.net%2Flocalfiy%2Fsearchregister_1743104138
동작구|487386016|카페모펀|4.5|4건|서울 동작구 동작대로3길 6|영업시간&연중무휴|070-4236-9371||#카페 #제로페이||//t1.kakaocdn.net/thumb/T800x0.q80/?fname=http%3A%2F%2Ft1.daumcdn.net%2Fplace%2FF8424EEC942243468BF650C42B83708B
동작구|14352981|펠어커피 상도점|4.1|14건|서울 동작구 상도로41가길 12 1층|영업시간&화~토 10:00 ~ 21:00&일 11:30 ~ 17:30&(임시운영)&휴무일&월요일|070-8879-8585|fellacoffee.co.kr|#카페 #로스팅전문 #분위기좋은 #수제초콜릿 #제로페이|메뉴 이름: 아메리카노 가격: 3,500&메뉴 이름: 콜드브루 가격: 4,000&메뉴 이름: 라떼 가격: 4,000&메뉴 이름: 유기농제주말차티 가격: 4,000&메뉴 이름: 오가닉허브레몬티 가격: 4,200|//t1.kakaocdn.net/thumb/T800x0.q80/?fname=http%3A%2F%2Ft1.daumcdn.net%2Flocalfiy%2Fsearchregister_1133058170
동작구|604924026|파니모들|4.3|22건|서울 동작구 동작대로 153|공휴일&11:00 ~ 22:30&라스트오더 ~ 22:00&영업시간&월,화,목,금 08:00 ~ 22:30&토,일 11:00 ~ 22:30&휴무일&수요일|070-7607-8252|www.instagram.com/panimodle|#카페 #감성카페 #디저트카페 #분위기좋은 #수제디저트 #애견동반식당 #제로페이|메뉴 이름: 아메리카노 가격: 4,000&메뉴 이름: 카페라떼 가격: 4,500&메뉴 이름: 밀크쉐이크 (ICE) 가격: 5,500&메뉴 이름: 밀크티 가격: 5,500&메뉴 이름: 당근 찹즙쥬스 (ICE) 가격: 6,000|//t1.kakaocdn.net/thumb/T800x0.q80/?fname=http%3A%2F%2Ft1.daumcdn.net%2Flocalfiy%2F581AD0CF37974D83B33B9A031FC61096
동작구|94881294|미학당|4.7|15건|서울 동작구 사당로 56 2층|영업시간&화~토 09:00 ~ 16:00&휴무일&월,일요일|02-816-0301|www.instagram.com/mihakdang|#카페 #디저트카페 #분위기좋은 #제로페이|메뉴 이름: 카페라떼 가격: 3,500&메뉴 이름: 바닐라라떼 가격: 4,500&메뉴 이름: 피스타치오비엔나(ICE) 가격: 4,500&메뉴 이름: 로얄밀크티 가격: 5,000|//t1.kakaocdn.net/thumb/T800x0.q80/?fname=http%3A%2F%2Ft1.daumcdn.net%2Fplace%2FA6CC442734EA492FBA24A96C594CB9D4
동작구|16593550|터방내|4.6|33건|서울 동작구 흑석로 101-7|영업시간&월~토 11:00 ~ 24:00&휴무일&일요일|02-813-4434|caucafe.modoo.at|#커피전문점 #데이트코스 #제로페이|메뉴 이름: 카페오레 가격: 3,500&메뉴 이름: 버터커피 가격: 3,500&메뉴 이름: 하니커피 가격: 3,500&메뉴 이름: 진저커피 가격: 3,500&메뉴 이름: 비엔나 커피 가격: 3,500&메뉴 이름: 카페 카푸치노 가격: 3,500&메뉴 이름: 핫모카 자와 가격: 3,800&메뉴 이름: 골드모카 자와 가격: 3,800&메뉴 이름: 카페로얄 가격: 4,000&메뉴 이름: 아이리쉬 커피 가격: 4,000&메뉴 이름: 트로피칼 커피 가격: 4,000&메뉴 이름: 커피펀치 가격: 4,000&메뉴 이름: 카페 글로리아 가격: 4,000&메뉴 이름: 카페 칼루아 가격: 3,800&메뉴 이름: 스트림 오브라인 가격: 4,000&메뉴 이름: 카페 알렉산더 가격: 4,000&메뉴 이름: 하와이안 커피 후로스티 가격: 3,800&메뉴 이름: 커피 플롯트 가격: 3,800|//t1.kakaocdn.net/thumb/T800x0.q80/?fname=http%3A%2F%2Ft1.daumcdn.net%2Fplace%2FFB175C52D0D746AA82CFF3034C638C83
동작구|66183033|스타벅스 노량진역점|3.2|28건|서울 동작구 노량진로 134|영업시간&수~일 07:00 ~ 21:00&월,화 07:00 ~ 17:00|1522-3232|www.starbucks.co.kr|#커피전문점 #스터디카페 #카카오페이|메뉴 이름: 아이스 슈크림 라떼 가격: 6,100&메뉴 이름: 슈크림 라떼 가격: 6,100&메뉴 이름: 아이스 핑크 매그놀리아 레모네이드 가격: 6,100&메뉴 이름: 파인 코코 그린 요거트 블렌디드 가격: 6,500&메뉴 이름: 핑크 매그놀리아 레모네이드 가격: 6,100&메뉴 이름: 오늘의 커피 가격: 4,200&메뉴 이름: 카푸치노 가격: 5,000&메뉴 이름: 카페 라떼 가격: 5,000&메뉴 이름: 카페 모카 가격: 5,500&메뉴 이름: 카페 아메리카노 가격: 4,500&메뉴 이름: 카라멜 마키아또 가격: 5,900&메뉴 이름: 화이트 초콜릿 모카 가격: 5,900&메뉴 이름: 스타벅스 돌체 라떼 가격: 5,900&메뉴 이름: 자바 칩 프라푸치노 가격: 6,300&메뉴 이름: 망고 바나나 블렌디드 가격: 6,300&메뉴 이름: 아이스 자몽 허니 블랙 티 가격: 5,700&메뉴 이름: 자몽 허니 블랙 티 가격: 5,700&메뉴 이름: 콜드 브루 가격: 4,900&메뉴 이름: 디카페인 카페 아메리카노 가격: 4,800&메뉴 이름: 디카페인 카페 라떼 가격: 5,300&메뉴 이름: 제주 유기농 말차로 만든 라떼 가격: 6,100&메뉴 이름: 돌체 콜드 브루 가격: 6,000|//t1.kakaocdn.net/thumb/T800x0.q80/?fname=http%3A%2F%2Ft1.daumcdn.net%2Fplace%2F2E94ACA8ECE042E98F4AA0DE654A0218
동작구|18771379|프랑세즈|4.5|37건|서울 동작구 현충로 96|영업시간&월~토 08:00 ~ 22:00&휴무일&일요일|02-825-5265||#디저트카페 #제로페이|메뉴 이름: 아메리카노 가격: 4,000&메뉴 이름: 카페라떼 가격: 4,300&메뉴 이름: 초코라떼 가격: 4,300&메뉴 이름: 유자차 가격: 4,200&메뉴 이름: 레몬에이드 가격: 4,800|//t1.kakaocdn.net/thumb/T800x0.q80/?fname=http%3A%2F%2Ft1.daumcdn.net%2Fplace%2FC874BC5A558B416AA3436B007A1761F8
동작구|755423338|스타벅스 보라매공원R점|4.3|20건|서울 동작구 보라매로5길 35|영업시간&월~금 07:00 ~ 21:00&토,일 07:30 ~ 21:00|1522-3232|www.starbucks.co.kr|#커피전문점 #핸드드립전문점 #카카오페이|메뉴 이름: 아이스 슈크림 라떼 가격: 6,100&메뉴 이름: 슈크림 라떼 가격: 6,100&메뉴 이름: 아이스 핑크 매그놀리아 레모네이드 가격: 6,100&메뉴 이름: 파인 코코 그린 요거트 블렌디드 가격: 6,500&메뉴 이름: 핑크 매그놀리아 레모네이드 가격: 6,100&메뉴 이름: 오늘의 커피 가격: 4,200&메뉴 이름: 카푸치노 가격: 5,000&메뉴 이름: 카페 라떼 가격: 5,000&메뉴 이름: 카페 모카 가격: 5,500&메뉴 이름: 카페 아메리카노 가격: 4,500&메뉴 이름: 카라멜 마키아또 가격: 5,900&메뉴 이름: 화이트 초콜릿 모카 가격: 5,900&메뉴 이름: 스타벅스 돌체 라떼 가격: 5,900&메뉴 이름: 자바 칩 프라푸치노 가격: 6,300&메뉴 이름: 망고 바나나 블렌디드 가격: 6,300&메뉴 이름: 아이스 자몽 허니 블랙 티 가격: 5,700&메뉴 이름: 자몽 허니 블랙 티 가격: 5,700&메뉴 이름: 콜드 브루 가격: 4,900&메뉴 이름: 디카페인 카페 아메리카노 가격: 4,800&메뉴 이름: 디카페인 카페 라떼 가격: 5,300&메뉴 이름: 제주 유기농 말차로 만든 라떼 가격: 6,100&메뉴 이름: 돌체 콜드 브루 가격: 6,000|
동작구|12108448|스타벅스 사당역점|4.0|22건|서울 동작구 동작대로 21 양지빌딩 1-3층|영업시간&월~금 07:00 ~ 22:00&토,일 07:30 ~ 22:00|1522-3232|www.starbucks.co.kr|#커피전문점 #카카오페이|메뉴 이름: 아이스 슈크림 라떼 가격: 6,100&메뉴 이름: 슈크림 라떼 가격: 6,100&메뉴 이름: 아이스 핑크 매그놀리아 레모네이드 가격: 6,100&메뉴 이름: 파인 코코 그린 요거트 블렌디드 가격: 6,500&메뉴 이름: 핑크 매그놀리아 레모네이드 가격: 6,100&메뉴 이름: 오늘의 커피 가격: 4,200&메뉴 이름: 카푸치노 가격: 5,000&메뉴 이름: 카페 라떼 가격: 5,000&메뉴 이름: 카페 모카 가격: 5,500&메뉴 이름: 카페 아메리카노 가격: 4,500&메뉴 이름: 카라멜 마키아또 가격: 5,900&메뉴 이름: 화이트 초콜릿 모카 가격: 5,900&메뉴 이름: 스타벅스 돌체 라떼 가격: 5,900&메뉴 이름: 자바 칩 프라푸치노 가격: 6,300&메뉴 이름: 망고 바나나 블렌디드 가격: 6,300&메뉴 이름: 아이스 자몽 허니 블랙 티 가격: 5,700&메뉴 이름: 자몽 허니 블랙 티 가격: 5,700&메뉴 이름: 콜드 브루 가격: 4,900&메뉴 이름: 디카페인 카페 아메리카노 가격: 4,800&메뉴 이름: 디카페인 카페 라떼 가격: 5,300&메뉴 이름: 제주 유기농 말차로 만든 라떼 가격: 6,100&메뉴 이름: 돌체 콜드 브루 가격: 6,000|//t1.kakaocdn.net/thumb/T800x0.q80/?fname=http%3A%2F%2Ft1.daumcdn.net%2Fcfile%2F2442874B55E006C632
동작구|1412043020|프레임676|3.0|8건|서울 동작구 시흥대로 676 1층|영업시간&월,화,수,목,금,일 11:00 ~ 22:00&토 11:30 ~ 22:00&이용시 주의 사항&코로나시기에|070-8807-6046||#갤러리카페 #갤러리카페 #데이트코스 #분위기좋은 #친목모임 #제로페이|메뉴 이름: 구운 버섯 샐러드 가격: 9,500&메뉴 이름: 구운 치킨 샐러드 가격: 11,000&메뉴 이름: 빠네 파스타 가격: 17,500&메뉴 이름: 뇨끼 가격: 15,500&메뉴 이름: 시금치 크림 리조또 가격: 17,000&메뉴 이름: 베이컨 웨지감자베이컨 피자 가격: 23,000&메뉴 이름: 꽃갈비스테이크 파스타 가격: 17,500|//t1.kakaocdn.net/thumb/T800x0.q80/?fname=http%3A%2F%2Ft1.daumcdn.net%2Fplace%2F774E0B1694804660813C9831FB48869F
동작구|917712342|오다가다|4.5|20건|서울 동작구 동작대로35길 10 1층|영업시간&화~토 12:30 ~ 21:30|070-8876-6424|www.instagram.com/rrang_rang|#디저트카페 #데이트코스 #디저트카페 #제로페이|메뉴 이름: 아메리카노 가격: 3,800&메뉴 이름: 카페라떼 가격: 4,300&메뉴 이름: 플랫화이트 가격: 4,300&메뉴 이름: 타히티바닐라라뗴 가격: 4,500&메뉴 이름: 그린티에스프레소 가격: 4,800&메뉴 이름: 다크모카 가격: 4,800&메뉴 이름: 비엔나커피 가격: 5,000&메뉴 이름: 아포가토 클래식밀크 가격: 5,500&메뉴 이름: 아포가토 그린티 가격: 5,500&메뉴 이름: 밀크티 가격: 5,000&메뉴 이름: 더티 초콜릿 가격: 5,000&메뉴 이름: 벨베리 블라스터 가격: 5,000&메뉴 이름: 블랙티 자몽블라스터 가격: 5,000&메뉴 이름: 현미유즐리요거트 가격: 5,500&메뉴 이름: 분자나나 가격: 6,000&메뉴 이름: 제주영귤차 가격: 6,800&메뉴 이름: 순수말차케이크 가격: 6,800&메뉴 이름: 당근케이크 가격: 6,800&메뉴 이름: 라즈베리치즈초콜릿케이크 가격: 6,500&메뉴 이름: 어저다딸기케이크 가격: 6,500|//t1.kakaocdn.net/thumb/T800x0.q80/?fname=http%3A%2F%2Ft1.daumcdn.net%2Fplace%2F94EBB8ECDE3A4C36B8A9D419CF6094FD
동작구|542382647|케이크무드|4.4|16건|서울 동작구 상도로15길 45 1층|영업시간&화~일 11:00 ~ 23:00&월 13:00 ~ 22:00|010-3774-3524||#디저트카페 #레터링케이크 #제로페이||//t1.kakaocdn.net/thumb/T800x0.q80/?fname=http%3A%2F%2Ft1.daumcdn.net%2Fplace%2F93553FB177824D39AD7FE9338ADFCA92
동작구|1399551475|카페알코브|4.3|15건|서울 동작구 대방동1길 12 1층|영업시간&화~일 11:00 ~ 21:00&휴무일&월요일|02-6409-9870|www.instagram.com/cafe.alcove|#카페 #제로페이|메뉴 이름: 아메리카노 가격: 3,500&메뉴 이름: 카페라떼 가격: 4,000&메뉴 이름: 알코브라떼 가격: 5,000&메뉴 이름: 레몬에이드 가격: 4,800&메뉴 이름: 레몬티 가격: 4,800|//t1.kakaocdn.net/thumb/T800x0.q80/?fname=http%3A%2F%2Ft1.daumcdn.net%2Flocalfiy%2Fsearchregister_460456125
동작구|1161295479|도쿄빙수 이수점|4.1|12건|서울 동작구 동작대로27길 38 1층|영업시간&매일 12:00 ~ 22:00&휴무일&명절|02-3482-0503|www.instagram.com/tokyobingsu_isu|#디저트카페 #카카오페이 #제로페이|메뉴 이름: 시크한 오레오 빙수 가격: 10,500|//t1.kakaocdn.net/thumb/T800x0.q80/?fname=http%3A%2F%2Ft1.daumcdn.net%2Fplace%2F242EBAA0A53D46EB84683ACA3B8C8634
동작구|525622050|스타벅스 신대방삼거리역점|3.5|15건|서울 동작구 상도로 102|영업시간&매일 08:00 ~ 21:00|1522-3232|www.starbucks.co.kr|#커피전문점 #카카오페이|메뉴 이름: 아이스 슈크림 라떼 가격: 6,100&메뉴 이름: 슈크림 라떼 가격: 6,100&메뉴 이름: 아이스 핑크 매그놀리아 레모네이드 가격: 6,100&메뉴 이름: 파인 코코 그린 요거트 블렌디드 가격: 6,500&메뉴 이름: 핑크 매그놀리아 레모네이드 가격: 6,100&메뉴 이름: 오늘의 커피 가격: 4,200&메뉴 이름: 카푸치노 가격: 5,000&메뉴 이름: 카페 라떼 가격: 5,000&메뉴 이름: 카페 모카 가격: 5,500&메뉴 이름: 카페 아메리카노 가격: 4,500&메뉴 이름: 카라멜 마키아또 가격: 5,900&메뉴 이름: 화이트 초콜릿 모카 가격: 5,900&메뉴 이름: 스타벅스 돌체 라떼 가격: 5,900&메뉴 이름: 자바 칩 프라푸치노 가격: 6,300&메뉴 이름: 망고 바나나 블렌디드 가격: 6,300&메뉴 이름: 아이스 자몽 허니 블랙 티 가격: 5,700&메뉴 이름: 자몽 허니 블랙 티 가격: 5,700&메뉴 이름: 콜드 브루 가격: 4,900&메뉴 이름: 디카페인 카페 아메리카노 가격: 4,800&메뉴 이름: 디카페인 카페 라떼 가격: 5,300&메뉴 이름: 제주 유기농 말차로 만든 라떼 가격: 6,100&메뉴 이름: 돌체 콜드 브루 가격: 6,000|//t1.kakaocdn.net/thumb/T800x0.q80/?fname=http%3A%2F%2Ft1.daumcdn.net%2Fplace%2FE285C94639CE497690AEF144EDA89721
동작구|596373172|웰컴카페|4.0|17건|서울 동작구 성대로29길 50|영업시간&화~목 13:00 ~ 22:00&금 13:00 ~ 24:00&토 11:00 ~ 24:00&일 11:00 ~ 21:00&휴무일&월요일|010-9122-2279|www.instagram.com/welcome_sangdo|#카페 #노키즈존 #애견동반식당 #제로페이|메뉴 이름: 치즈 플레이트 가격: 15,000&메뉴 이름: 찹스테이크 가격: 21,000&메뉴 이름: 토마토소스 새우 샥슈카(에그인 헬) 가격: 16,000&메뉴 이름: 소세지&감자튀김 가격: 15,000&메뉴 이름: 시저샐러드 가격: 9,000|//t1.kakaocdn.net/thumb/T800x0.q80/?fname=http%3A%2F%2Ft1.daumcdn.net%2Flocalfiy%2Fsearchregister_1099419539
동작구|1608703935|타요키즈카페 보라매점|4.0|5건|서울 동작구 보라매로5가길 16 보라매아카데미타워 6층|영업시간&화~일 11:00 ~ 19:00&휴무일&월요일|02-319-8585|tayokidscafe.co.kr|#키즈카페 ||//t1.kakaocdn.net/thumb/T800x0.q80/?fname=http%3A%2F%2Ft1.daumcdn.net%2Fcfile%2F273C2450588571F514
동작구|853040385|프로스퍼|3.6|9건|서울 동작구 여의대방로24길 101|영업시간&매일 10:00 ~ 24:00|02-3280-3276|instagram.com/cafe_prosper|#카페 #감성카페 #제로페이|메뉴 이름: 아메리카노(R&B) 가격: 3,800&메뉴 이름: 라떼(R&B) 가격: 4,300&메뉴 이름: 아포가토(R&B) 가격: 5,500&메뉴 이름: 쌍화차 가격: 5,500&메뉴 이름: 청포도에이드 가격: 4,600|//t1.kakaocdn.net/thumb/T800x0.q80/?fname=http%3A%2F%2Ft1.daumcdn.net%2Fplace%2FE7511C55464544D8B455B5632C33AEDA
동작구|1976820057|모든것은당근케이크에서시작됐다|4.6|29건|서울 동작구 만양로 65-1 102호|영업시간&화~일 08:30 ~ 22:00&휴무일&월요일|070-8282-3032|www.instagram.com/mo_dang_si|#디저트카페 #제로페이|메뉴 이름: 아메리카노 가격: 1,500&메뉴 이름: 카페라떼 가격: 2,500&메뉴 이름: 수제딸기차 가격: 4,000&메뉴 이름: 흑임자라떼 가격: 4,000&메뉴 이름: 밀크쉐이크 가격: 4,200|//t1.kakaocdn.net/thumb/T800x0.q80/?fname=http%3A%2F%2Ft1.daumcdn.net%2Fplace%2F96216B0217774A11B293C74CE21CF8CD
동작구|587570196|오후홍콩 중앙대본점|4.0|22건|서울 동작구 흑석로13가길 29|영업시간&매일 10:00 ~ 22:00&(빵 나오는 시간 12시)&휴무일&1월1일&명절|02-3280-2028|www.instagram.com/ohhu_hongkong|#디저트카페 #감성카페 #데이트코스 #빈티지분위기|메뉴 이름: 에스프레소 가격: 3,500&메뉴 이름: 아메리카노 가격: 3,500&메뉴 이름: 카페라떼 가격: 4,200&메뉴 이름: 카푸치노 가격: 4,200&메뉴 이름: 바닐라라떼 가격: 4,500&메뉴 이름: 헤이즐넛 라떼 가격: 4,500&메뉴 이름: 카라멜 마끼아또 가격: 4,500&메뉴 이름: 카페모카 가격: 4,500&메뉴 이름: 오후커피 가격: 4,000&메뉴 이름: 더치 아메리카노 가격: 3,500&메뉴 이름: 캐모마일 가격: 4,700|//t1.kakaocdn.net/thumb/T800x0.q80/?fname=http%3A%2F%2Ft1.daumcdn.net%2Fplace%2F8A5D4F96A4A049DFAFB0B11EF2539891
동작구|1739544406|더빈마켓|4.4|11건|서울 동작구 여의대방로24길 65 1층|영업시간&매일 08:00 ~ 23:00|02-823-0388||#커피전문점 #핸드드립전문점 #카카오페이 #제로페이|메뉴 이름: 아메리카노 콩1 가격: 3,500&메뉴 이름: 아메리카노 콩2 가격: 3,500&메뉴 이름: 플랫화이트 가격: 4,500&메뉴 이름: 디카페인 골드 브루 가격: 5,500&메뉴 이름: 카페라떼 가격: 4,300|//t1.kakaocdn.net/thumb/T800x0.q80/?fname=http%3A%2F%2Ft1.daumcdn.net%2Fplace%2FC8485F49217A448B8C3C5C43E543F88F
동작구|2120408316|릿잇커피|5.0|21건|서울 동작구 상도로47바길 48 1층|영업시간&매일 11:00 ~ 01:00&휴무일&연중무휴|070-8866-4344|www.instagram.com/lititcoffee|#카페 #제로페이|메뉴 이름: 아메리카노 가격: 3,800&메뉴 이름: 라떼 가격: 4,200&메뉴 이름: 이인슈페너 (ICE) 가격: 4,800&메뉴 이름: 코코넛밀크 (ICE) 가격: 4,800&메뉴 이름: 쑥라떼 (ICE) 가격: 4,800|
동작구|27332485|스타벅스 숭실대입구역|4.4|15건|서울 동작구 상도로 354|영업시간&매일 08:00 ~ 20:00|1522-3232|www.starbucks.co.kr|#커피전문점 #카카오페이|메뉴 이름: 아이스 슈크림 라떼 가격: 6,100&메뉴 이름: 슈크림 라떼 가격: 6,100&메뉴 이름: 아이스 핑크 매그놀리아 레모네이드 가격: 6,100&메뉴 이름: 파인 코코 그린 요거트 블렌디드 가격: 6,500&메뉴 이름: 핑크 매그놀리아 레모네이드 가격: 6,100&메뉴 이름: 오늘의 커피 가격: 4,200&메뉴 이름: 카푸치노 가격: 5,000&메뉴 이름: 카페 라떼 가격: 5,000&메뉴 이름: 카페 모카 가격: 5,500&메뉴 이름: 카페 아메리카노 가격: 4,500&메뉴 이름: 카라멜 마키아또 가격: 5,900&메뉴 이름: 화이트 초콜릿 모카 가격: 5,900&메뉴 이름: 스타벅스 돌체 라떼 가격: 5,900&메뉴 이름: 자바 칩 프라푸치노 가격: 6,300&메뉴 이름: 망고 바나나 블렌디드 가격: 6,300&메뉴 이름: 아이스 자몽 허니 블랙 티 가격: 5,700&메뉴 이름: 자몽 허니 블랙 티 가격: 5,700&메뉴 이름: 콜드 브루 가격: 4,900&메뉴 이름: 디카페인 카페 아메리카노 가격: 4,800&메뉴 이름: 디카페인 카페 라떼 가격: 5,300&메뉴 이름: 제주 유기농 말차로 만든 라떼 가격: 6,100&메뉴 이름: 돌체 콜드 브루 가격: 6,000|
동작구|1034900166|카페브르브르|4.2|10건|서울 동작구 사당로29가길 6|영업시간&월,수,목,금,토,일 11:30 ~ 21:00&(휴무 전날 매장마감 20:00)&월,수,목,금,토,일 라스트오더 ~ 20:30&(휴무 전날 라스트오더 19:40)&휴무일&화요일&첫째 월요일|||#카페 #감성카페 #레터링케이크 #제로페이|메뉴 이름: 브르브르 (ICE) 가격: 6,000&메뉴 이름: 모카코코 가격: 6,000&메뉴 이름: 지구퐁 가격: 7,000&메뉴 이름: 아메리카노 가격: 3,500&메뉴 이름: 카페라떼 가격: 4,500|//t1.kakaocdn.net/thumb/T800x0.q80/?fname=http%3A%2F%2Ft1.daumcdn.net%2Fplace%2F8445A4957681449FA55F17A1AEF1EDC6
동작구|27481543|갤러리카페오누이|4.6|12건|서울 동작구 시흥대로 676|영업시간&매일 10:00 ~ 22:00|02-833-6046||#카페 #갤러리카페 #북카페 #제로페이|메뉴 이름: 아메리카노 가격: 3,900&메뉴 이름: 카페라떼 가격: 4,400&메뉴 이름: 녹차 가격: 3,900&메뉴 이름: 플레인 슬러쉬 가격: 5,700&메뉴 이름: 자몽에이드 가격: 5,000|//t1.kakaocdn.net/thumb/T800x0.q80/?fname=http%3A%2F%2Ft1.daumcdn.net%2Fplace%2FDFC06AB4B2854AC7A3FF7143C46837C7
동작구|305615371|카페좋아진다|4.6|10건|서울 동작구 사당로26길 87 1층|영업시간&월,화,목,금,토,일 10:00 ~ 21:00&휴무일&수요일|02-812-0222|instagram.com/cafe_willbe_good|#카페 #제로페이|메뉴 이름: 아메리카노 가격: 3,500&메뉴 이름: 카페라떼 가격: 4,000&메뉴 이름: 카푸치노 가격: 4,000&메뉴 이름: 카페모카 가격: 4,500&메뉴 이름: 바닐라라떼 가격: 4,500|
동작구|2021405780|더한강|4.2|16건|서울 동작구 노량진로32길 29-6 1,2층|영업시간&매일 09:00 ~ 22:00&이용시 주의 사항&라스트 오더 9PM|070-7795-4144||#커피전문점 #제로페이|메뉴 이름: 에스프레소 가격: 3,000&메뉴 이름: 아메리카노 가격: 3,500&메뉴 이름: 카페라떼 가격: 4,000&메뉴 이름: 쿠엔크스무디 가격: 4,800&메뉴 이름: 곡물라떼 가격: 4,500&메뉴 이름: 딸기라떼 가격: 5,000|//t1.kakaocdn.net/thumb/T800x0.q80/?fname=http%3A%2F%2Ft1.kakaocdn.net%2Ffiy_reboot%2Fplace%2FE4D6514EE98747ADBC78D75498A57405
동작구|432578365|스타벅스 상도역점|4.3|20건|서울 동작구 상도로37길 1|영업시간&매일 07:30 ~ 21:00|1522-3232|www.starbucks.co.kr|#커피전문점 #카카오페이|메뉴 이름: 아이스 슈크림 라떼 가격: 6,100&메뉴 이름: 슈크림 라떼 가격: 6,100&메뉴 이름: 아이스 핑크 매그놀리아 레모네이드 가격: 6,100&메뉴 이름: 파인 코코 그린 요거트 블렌디드 가격: 6,500&메뉴 이름: 핑크 매그놀리아 레모네이드 가격: 6,100&메뉴 이름: 오늘의 커피 가격: 4,200&메뉴 이름: 카푸치노 가격: 5,000&메뉴 이름: 카페 라떼 가격: 5,000&메뉴 이름: 카페 모카 가격: 5,500&메뉴 이름: 카페 아메리카노 가격: 4,500&메뉴 이름: 카라멜 마키아또 가격: 5,900&메뉴 이름: 화이트 초콜릿 모카 가격: 5,900&메뉴 이름: 스타벅스 돌체 라떼 가격: 5,900&메뉴 이름: 자바 칩 프라푸치노 가격: 6,300&메뉴 이름: 망고 바나나 블렌디드 가격: 6,300&메뉴 이름: 아이스 자몽 허니 블랙 티 가격: 5,700&메뉴 이름: 자몽 허니 블랙 티 가격: 5,700&메뉴 이름: 콜드 브루 가격: 4,900&메뉴 이름: 디카페인 카페 아메리카노 가격: 4,800&메뉴 이름: 디카페인 카페 라떼 가격: 5,300&메뉴 이름: 제주 유기농 말차로 만든 라떼 가격: 6,100&메뉴 이름: 돌체 콜드 브루 가격: 6,000|//t1.kakaocdn.net/thumb/T800x0.q80/?fname=http%3A%2F%2Ft1.kakaocdn.net%2Ffiy_reboot%2Fplace%2F7665B67E40074151A971AFD106D280C5
동작구|1895114441|37.5 동작이수점|3.5|24건|서울 동작구 동작대로27가길 23 이오빌딩 2층|영업시간&매일 09:50 ~ 20:50&월,화,수,목,금,일 브레이크타임1 15:50 ~ 17:00&토 브레이크타임2 15:30 ~ 17:00|02-595-3705||#카페 #안심식당 #분위기좋은 #브런치카페 #비스트로 #소개팅 #제로페이||//t1.kakaocdn.net/thumb/T800x0.q80/?fname=http%3A%2F%2Ft1.kakaocdn.net%2Ffiy_reboot%2Fplace%2F53148B8554914E4691F7DC87235A4079
동작구|190103388|도어이스케이프 이수역점|0.0|0건|서울 동작구 동작대로27가길 14 3층|영업시간&연중무휴|02-534-9745|www.doorescape.co.kr|#테마카페 #방탈출카페 #제로페이||//t1.kakaocdn.net/thumb/T800x0.q80/?fname=http%3A%2F%2Ft1.daumcdn.net%2Flocalfiy%2F0F1B554924384CE185523D30271B6CE1
동작구|1086947915|스타벅스 노량진동점|3.7|18건|서울 동작구 노량진로 190 고려교육타워 어바니엘한강 101~105호|영업시간&매일 07:30 ~ 21:00|1522-3232|www.starbucks.co.kr|#커피전문점 #카카오페이|메뉴 이름: 아이스 슈크림 라떼 가격: 6,100&메뉴 이름: 슈크림 라떼 가격: 6,100&메뉴 이름: 아이스 핑크 매그놀리아 레모네이드 가격: 6,100&메뉴 이름: 파인 코코 그린 요거트 블렌디드 가격: 6,500&메뉴 이름: 핑크 매그놀리아 레모네이드 가격: 6,100&메뉴 이름: 오늘의 커피 가격: 4,200&메뉴 이름: 카푸치노 가격: 5,000&메뉴 이름: 카페 라떼 가격: 5,000&메뉴 이름: 카페 모카 가격: 5,500&메뉴 이름: 카페 아메리카노 가격: 4,500&메뉴 이름: 카라멜 마키아또 가격: 5,900&메뉴 이름: 화이트 초콜릿 모카 가격: 5,900&메뉴 이름: 스타벅스 돌체 라떼 가격: 5,900&메뉴 이름: 자바 칩 프라푸치노 가격: 6,300&메뉴 이름: 망고 바나나 블렌디드 가격: 6,300&메뉴 이름: 아이스 자몽 허니 블랙 티 가격: 5,700&메뉴 이름: 자몽 허니 블랙 티 가격: 5,700&메뉴 이름: 콜드 브루 가격: 4,900&메뉴 이름: 디카페인 카페 아메리카노 가격: 4,800&메뉴 이름: 디카페인 카페 라떼 가격: 5,300&메뉴 이름: 제주 유기농 말차로 만든 라떼 가격: 6,100&메뉴 이름: 돌체 콜드 브루 가격: 6,000|//t1.kakaocdn.net/thumb/T800x0.q80/?fname=http%3A%2F%2Ft1.daumcdn.net%2Fplace%2F7AAC5DBC2CEC4DD9B7D6AA02FA882796
동작구|359023741|비단콤마|3.6|11건|서울 동작구 상도로30길 40 상가 A동 107호|영업시간&월~금 09:30 ~ 22:00&토 11:00 ~ 21:00&일 11:00 ~ 20:00|02-811-0072|www.instagram.com/bidancomma|#카페 #로스팅전문 #브런치카페 #제로페이|메뉴 이름: 아메리카노 가격: 4,500&메뉴 이름: 카페라떼 가격: 5,000&메뉴 이름: 에스프레소 가격: 4,500&메뉴 이름: 카푸치노 가격: 5,000&메뉴 이름: 플렛화이트 가격: 5,000|//t1.kakaocdn.net/thumb/T800x0.q80/?fname=http%3A%2F%2Ft1.daumcdn.net%2Flocalfiy%2Fsearchregister_539295021
동작구|1725460486|커피나무 랩|4.5|2건|서울 동작구 상도로53길 65 커피나무빌딩 1층|영업시간&월~금 07:00 ~ 23:00&토,일 08:00 ~ 23:00|02-824-1391|www.coffeenamu.co.kr|#카페 #스터디카페 #제로페이|메뉴 이름: 아메리카노 가격: 4,300&메뉴 이름: 카페라떼 가격: 4,800&메뉴 이름: 얼그레이 밀크티 가격: 5,300&메뉴 이름: 그린티 라떼 가격: 5,300&메뉴 이름: 로얄 블랜드 가격: 6,500|//t1.kakaocdn.net/thumb/T800x0.q80/?fname=http%3A%2F%2Ft1.daumcdn.net%2Fplace%2FA1360BABC53E4D7FBA21C0392BC56CC1
동작구|778505700|두젠틀|4.0|5건|서울 동작구 상도로 217-4 한울빌딩 지하1층|영업시간&매일 11:00 ~ 22:30|02-6014-2120|dogentle.modoo.at|#애견카페 #강아지유치원 #깔끔한 #데이트코스 #애견훈련 #제로페이|메뉴 이름: 아메리카노 가격: 9,000&메뉴 이름: 카페라떼 가격: 10,000&메뉴 이름: 카푸치노 가격: 10,000&메뉴 이름: 카페모카 가격: 11,000&메뉴 이름: 고구마라떼 가격: 11,000|//t1.kakaocdn.net/thumb/T800x0.q80/?fname=http%3A%2F%2Ft1.daumcdn.net%2Flocalfiy%2FF06A9F5FAF5A47DBA787BC226C15E93A
동작구|1746397370|스타벅스 중앙대점|4.1|14건|서울 동작구 흑석로 75-1|영업시간&월~토 07:30 ~ 20:30&일 08:00 ~ 20:00|1522-3232|www.starbucks.co.kr|#커피전문점 #카카오페이|메뉴 이름: 아이스 슈크림 라떼 가격: 6,100&메뉴 이름: 슈크림 라떼 가격: 6,100&메뉴 이름: 아이스 핑크 매그놀리아 레모네이드 가격: 6,100&메뉴 이름: 파인 코코 그린 요거트 블렌디드 가격: 6,500&메뉴 이름: 핑크 매그놀리아 레모네이드 가격: 6,100&메뉴 이름: 오늘의 커피 가격: 4,200&메뉴 이름: 카푸치노 가격: 5,000&메뉴 이름: 카페 라떼 가격: 5,000&메뉴 이름: 카페 모카 가격: 5,500&메뉴 이름: 카페 아메리카노 가격: 4,500&메뉴 이름: 카라멜 마키아또 가격: 5,900&메뉴 이름: 화이트 초콜릿 모카 가격: 5,900&메뉴 이름: 스타벅스 돌체 라떼 가격: 5,900&메뉴 이름: 자바 칩 프라푸치노 가격: 6,300&메뉴 이름: 망고 바나나 블렌디드 가격: 6,300&메뉴 이름: 아이스 자몽 허니 블랙 티 가격: 5,700&메뉴 이름: 자몽 허니 블랙 티 가격: 5,700&메뉴 이름: 콜드 브루 가격: 4,900&메뉴 이름: 디카페인 카페 아메리카노 가격: 4,800&메뉴 이름: 디카페인 카페 라떼 가격: 5,300&메뉴 이름: 제주 유기농 말차로 만든 라떼 가격: 6,100&메뉴 이름: 돌체 콜드 브루 가격: 6,000|//t1.kakaocdn.net/thumb/T800x0.q80/?fname=http%3A%2F%2Ft1.daumcdn.net%2Fplace%2FCB50A78305234D14875FC1959A29E91F
동작구|449929306|헤븐리가든|4.6|7건|서울 동작구 상도로34길 11 1층|영업시간&월~토 10:00 ~ 22:00&휴무일&일요일|070-7677-9647||#카페 #야외정원 #제로페이|메뉴 이름: 아메리카노 (R) 가격: 3,500&메뉴 이름: 카페라떼 (R) 가격: 4,000&메뉴 이름: 바닐라라떼 (R) 가격: 4,500&메뉴 이름: 초코라떼 가격: 5,000&메뉴 이름: 얼그레이 가격: 5,000|
동작구|548840517|케이크팝|3.5|14건|서울 동작구 사당로 28 2층|영업시간&매일 12:00 ~ 22:00|02-825-8799||#디저트카페 #디저트카페 #카카오페이 #제로페이|메뉴 이름: 아메리카노 (BLACK) 가격: 3,300&메뉴 이름: 아메리카노 (RED) 가격: 3,800&메뉴 이름: 카페라떼 가격: 3,800&메뉴 이름: 바닐라라떼 가격: 4,300&메뉴 이름: 아인슈페너 가격: 5,300|//t1.kakaocdn.net/thumb/T800x0.q80/?fname=http%3A%2F%2Ft1.daumcdn.net%2Flocalfiy%2Fsearchregister_863527783
동작구|27510240|밍구네다방|4.1|19건|서울 동작구 노량진로 132 2층|영업시간&월~토 07:00 ~ 24:00&일 08:00 ~ 23:00|02-812-3935||#카페 #고즈넉한 #분위기좋은 #스터디카페 #제로페이|메뉴 이름: 아메리카노 가격: 3,500|//t1.kakaocdn.net/thumb/T800x0.q80/?fname=http%3A%2F%2Ft1.daumcdn.net%2Fplace%2FE448B9B7AA8643D78B082263E5236736
동작구|453096584|클라소피|3.5|12건|서울 동작구 여의대방로22길 94 1층|영업시간&월,화,수,금,토,일 10:00 ~ 21:00&휴무일&목요일||www.instagram.com/classoffee|#카페 #핸드드립전문점 #제로페이|메뉴 이름: 까눌레 가격: 2,900&메뉴 이름: 클라소피 블랙 가격: 5,600&메뉴 이름: 클라소피 화이트 가격: 6,000&메뉴 이름: 아메리카노 가격: 4,300&메뉴 이름: 카페라떼 가격: 4,800&메뉴 이름: 패션 후르츠 에이드 가격: 6,100|//t1.kakaocdn.net/thumb/T800x0.q80/?fname=http%3A%2F%2Ft1.daumcdn.net%2Flocalfiy%2F0C2BE76EAA7C4062A92A87BC6212C122
동작구|994081753|뚱보롱|4.9|12건|서울 동작구 사당로17길 9 1층|영업시간&목~일 11:00 ~ 16:00&휴무일&월,화,수요일&이용시 주의 사항&마카롱 품절시 마감|010-4684-3210|www.instagram.com/ddboron|#디저트카페 #제로페이|메뉴 이름: 마카롱 가격: 2,200|
동작구|661334779|스몰월드 이수점|4.5|6건|서울 동작구 동작대로27가길 48 5층|영업시간&매일 12:00 ~ 23:30|02-532-7909|blog.naver.com/insmallworld|#보드카페 #보드게임카페||//t1.kakaocdn.net/thumb/T800x0.q80/?fname=http%3A%2F%2Ft1.daumcdn.net%2Flocalfiy%2Fsearchregister_1498633457
동작구|17757839|투썸플레이스 노량진점|1.6|25건|서울 동작구 노량진로 174 1층|영업시간&월,화,수,목,일 08:00 ~ 22:00&금,토 08:00 ~ 23:00|02-821-2388|www.twosome.co.kr|#커피전문점 ||
동작구|17746858|투썸플레이스 이수역점|2.4|18건|서울 동작구 동작대로27길 28 2,3층|영업시간&월,화,수,목,일 09:00 ~ 23:00&금,토 09:00 ~ 23:30|02-534-1230|www.twosome.co.kr|#커피전문점 #카카오페이 #제로페이||//t1.kakaocdn.net/thumb/T800x0.q80/?fname=http%3A%2F%2Ft1.daumcdn.net%2Fplace%2FCAF7DD8D2ABA49D5B542689C524BBF60
동작구|1087215175|보스톤커피|5.0|4건|서울 동작구 여의대방로 142 지하1층|영업시간&매일 10:30 ~ 22:00|070-7767-7388||#커피전문점 #공부하기좋은 #데이트코스 #디저트카페 #분위기좋은 #친목모임 #제로페이|메뉴 이름: 아메리카노 가격: 3,800|//t1.kakaocdn.net/thumb/T800x0.q80/?fname=http%3A%2F%2Ft1.kakaocdn.net%2Ffiy_reboot%2Fplace%2FEA7CF92A9AC64440B70A4E2B92F631C2
동작구|10538394|스타벅스 숭실대점|3.2|9건|서울 동작구 사당로 4|영업시간&월~금 07:30 ~ 20:30&토,일 08:30 ~ 20:00|1522-3232|www.starbucks.co.kr|#커피전문점 #카카오페이|메뉴 이름: 아이스 슈크림 라떼 가격: 6,100&메뉴 이름: 슈크림 라떼 가격: 6,100&메뉴 이름: 아이스 핑크 매그놀리아 레모네이드 가격: 6,100&메뉴 이름: 파인 코코 그린 요거트 블렌디드 가격: 6,500&메뉴 이름: 핑크 매그놀리아 레모네이드 가격: 6,100&메뉴 이름: 오늘의 커피 가격: 4,200&메뉴 이름: 카푸치노 가격: 5,000&메뉴 이름: 카페 라떼 가격: 5,000&메뉴 이름: 카페 모카 가격: 5,500&메뉴 이름: 카페 아메리카노 가격: 4,500&메뉴 이름: 카라멜 마키아또 가격: 5,900&메뉴 이름: 화이트 초콜릿 모카 가격: 5,900&메뉴 이름: 스타벅스 돌체 라떼 가격: 5,900&메뉴 이름: 자바 칩 프라푸치노 가격: 6,300&메뉴 이름: 망고 바나나 블렌디드 가격: 6,300&메뉴 이름: 아이스 자몽 허니 블랙 티 가격: 5,700&메뉴 이름: 자몽 허니 블랙 티 가격: 5,700&메뉴 이름: 콜드 브루 가격: 4,900&메뉴 이름: 디카페인 카페 아메리카노 가격: 4,800&메뉴 이름: 디카페인 카페 라떼 가격: 5,300&메뉴 이름: 제주 유기농 말차로 만든 라떼 가격: 6,100&메뉴 이름: 돌체 콜드 브루 가격: 6,000|//t1.kakaocdn.net/thumb/T800x0.q80/?fname=http%3A%2F%2Ft1.daumcdn.net%2Fcfile%2F2147094755E006C61D
동작구|998171067|청맥살롱|4.5|8건|서울 동작구 서달로 161-1 2층|영업시간&월~금 11:00 ~ 21:00&토,일 12:00 ~ 21:00|02-822-1605|www.instagram.com/seodalro161_1|#북카페 #독립서점 #북카페 #제로페이|메뉴 이름: 아메리카노 가격: 4,000&메뉴 이름: 카페라떼 가격: 4,500&메뉴 이름: 캐모마일 가격: 4,000&메뉴 이름: 재스민 가격: 4,000&메뉴 이름: 유자차 가격: 4,000|//t1.kakaocdn.net/thumb/T800x0.q80/?fname=http%3A%2F%2Ft1.kakaocdn.net%2Ffiy_reboot%2Fplace%2F236B1F394F2940DD90123E22D7C9C4C4
동작구|26507544|공차 노량진학원가점|3.2|11건|서울 동작구 노량진로16길 16 청암빌딩 1층|영업시간&매일 09:00 ~ 23:00&휴무일&연중무휴|02-822-4309|www.gong-cha.co.kr|#카페 #카카오페이 #제로페이|메뉴 이름: 브라운슈가 치즈폼 스무디(L) 가격: 5,700&메뉴 이름: 브라운슈가 쥬얼리 밀크티(L) 가격: 5,300&메뉴 이름: 망고 스무디 가격: 5,300&메뉴 이름: 망고 요구르트(L) 가격: 5,000&메뉴 이름: 망고 주스(L) 가격: 4,600&메뉴 이름: 망고요구르트+화이트펄(L) 가격: 5,200&메뉴 이름: 블랙 밀크티(L) 가격: 4,000&메뉴 이름: 블랙밀크티+펄(L) 가격: 4,200&메뉴 이름: 블랙티(L) 가격: 3,500&메뉴 이름: 아메리카노 가격: 3,500&메뉴 이름: 얼그레이 밀크티(L) 가격: 4,000&메뉴 이름: 얼그레이티(L) 가격: 3,500&메뉴 이름: 우롱 밀크티(L) 가격: 4,000&메뉴 이름: 우롱티(L) 가격: 3,500&메뉴 이름: 자스민 그린티(L) 가격: 3,500&메뉴 이름: 제주 그린티 스무디 가격: 5,300&메뉴 이름: 청포도 스무디 가격: 4,800&메뉴 이름: 초코 쿠앤크 스무디 가격: 4,500&메뉴 이름: 초콜렛 밀크티(L) 가격: 4,000&메뉴 이름: 카페라떼 가격: 4,000&메뉴 이름: 타로 밀크티(L) 가격: 4,000&메뉴 이름: 타로밀크티+펄(L) 가격: 4,200&메뉴 이름: 피스타치오 밀크티+펄(L) 가격: 4,900&메뉴 이름: 제주 그린 밀크티+펄(L) 가격: 4,900&메뉴 이름: 청포도 그린티+알로에(L) 가격: 4,500|//t1.kakaocdn.net/thumb/T800x0.q80/?fname=http%3A%2F%2Ft1.daumcdn.net%2Fplace%2F828DE760087F411ABC9769F25F5F42C5
동작구|1486193982|투썸플레이스 신대방삼거리점|3.7|6건|서울 동작구 국사봉1길 32 1층|영업시간&매일 08:00 ~ 24:00|02-6959-8888|www.twosome.co.kr:7009|#커피전문점 #카카오페이 #제로페이||//t1.kakaocdn.net/thumb/T800x0.q80/?fname=http%3A%2F%2Ft1.daumcdn.net%2Fplace%2F9E3D8DD2109643B288F6D677D13C574D
동작구|1033098704|더디저트랩|4.5|15건|서울 동작구 장승배기로10길 100 상도더샵 2차 지하2층 B106호|영업시간&월,수,목,금,토,일 13:00 ~ 20:00&휴무일&화요일|070-7723-2300|www.instagram.com/the_dessertlab|#디저트카페 #디저트카페 #수제케이크 #제로페이|메뉴 이름: 아메리카노 가격: 3,500&메뉴 이름: 카페라떼 가격: 4,000&메뉴 이름: 바닐라빈라떼 가격: 4,200&메뉴 이름: 아인슈패너 가격: 4,500&메뉴 이름: 핸드드립 가격: 4,000&메뉴 이름: 아메리카노(디카페인) 가격: 4,000&메뉴 이름: 밀크티 가격: 4,000&메뉴 이름: 딸기라떼 가격: 4,500&메뉴 이름: 제주말차라떼 가격: 4,500&메뉴 이름: 초코라떼 가격: 4,000&메뉴 이름: 유기농제주녹차 가격: 4,000&메뉴 이름: 초코슈패너 가격: 4,500&메뉴 이름: 오렌지에이드 가격: 4,000&메뉴 이름: 마카롱 가격: 2,000&메뉴 이름: 스콘 가격: 2,500&메뉴 이름: 딸기생크림케이크 가격: 5,300&메뉴 이름: 과일타르트 가격: 5,800&메뉴 이름: 마들렌 가격: 1,800|//t1.kakaocdn.net/thumb/T800x0.q80/?fname=http%3A%2F%2Ft1.kakaocdn.net%2Ffiy_reboot%2Fplace%2F5BF9732AE9C54EB0901834703287347F
동작구|906224628|매머드커피 상도역점|4.2|6건|서울 동작구 양녕로 272 1층|영업시간&월~금 08:00 ~ 22:00&토,일 09:00 ~ 22:00|02-6053-4019|www.mmthcoffee.com|#커피전문점 #카카오페이 #제로페이|메뉴 이름: 딸기크림라떼 가격: 3,900&메뉴 이름: 아메리카노 가격: 2,800&메뉴 이름: 카페라떼 가격: 3,400&메뉴 이름: 꿀바나 라떼 가격: 4,000&메뉴 이름: 초코라떼 가격: 3,400|//t1.kakaocdn.net/thumb/T800x0.q80/?fname=http%3A%2F%2Ft1.daumcdn.net%2Fplace%2F7A364B32514C4160BAF904D5664A7474
동작구|553348297|스타벅스 이수자이점|3.3|16건|서울 동작구 사당로 300|영업시간&월~금 07:00 ~ 21:00&토,일 08:00 ~ 21:00|1522-3232|www.starbucks.co.kr|#커피전문점 #카카오페이|메뉴 이름: 아이스 슈크림 라떼 가격: 6,100&메뉴 이름: 슈크림 라떼 가격: 6,100&메뉴 이름: 아이스 핑크 매그놀리아 레모네이드 가격: 6,100&메뉴 이름: 파인 코코 그린 요거트 블렌디드 가격: 6,500&메뉴 이름: 핑크 매그놀리아 레모네이드 가격: 6,100&메뉴 이름: 오늘의 커피 가격: 4,200&메뉴 이름: 카푸치노 가격: 5,000&메뉴 이름: 카페 라떼 가격: 5,000&메뉴 이름: 카페 모카 가격: 5,500&메뉴 이름: 카페 아메리카노 가격: 4,500&메뉴 이름: 카라멜 마키아또 가격: 5,900&메뉴 이름: 화이트 초콜릿 모카 가격: 5,900&메뉴 이름: 스타벅스 돌체 라떼 가격: 5,900&메뉴 이름: 자바 칩 프라푸치노 가격: 6,300&메뉴 이름: 망고 바나나 블렌디드 가격: 6,300&메뉴 이름: 아이스 자몽 허니 블랙 티 가격: 5,700&메뉴 이름: 자몽 허니 블랙 티 가격: 5,700&메뉴 이름: 콜드 브루 가격: 4,900&메뉴 이름: 디카페인 카페 아메리카노 가격: 4,800&메뉴 이름: 디카페인 카페 라떼 가격: 5,300&메뉴 이름: 제주 유기농 말차로 만든 라떼 가격: 6,100&메뉴 이름: 돌체 콜드 브루 가격: 6,000|//t1.kakaocdn.net/thumb/T800x0.q80/?fname=http%3A%2F%2Ft1.daumcdn.net%2Fplace%2FCB0703746B8F4AD19FD356343207CA0E
동작구|952397144|블랙모티브 사당역점|4.0|2건|서울 동작구 동작대로7길 48 새한빌딩 1층|영업시간&월,수,목,금,토 10:30 ~ 23:00&화 10:30 ~ 23:30&일 12:00 ~ 20:00|02-6085-0405|bmotiv.modoo.at|#카페 #데이트코스 #베이커리카페 #분위기좋은 #제로페이|메뉴 이름: 아메리카노 가격: 3,200&메뉴 이름: 카페라떼 가격: 3,700&메뉴 이름: CACAO 크림라떼 가격: 4,500&메뉴 이름: MATCHA 크림라떼 가격: 4,500&메뉴 이름: MAROON 크림라떼 가격: 4,500&메뉴 이름: 블루베리 양갱스무디 가격: 5,500&메뉴 이름: 파인애플 양갱스무디 가격: 5,500|//t1.kakaocdn.net/thumb/T800x0.q80/?fname=http%3A%2F%2Ft1.daumcdn.net%2Flocalfiy%2F3BA9E6EE2CA24750AA69FBF299252B43
동작구|1415132888|디저트39 신대방삼거리역점|4.0|6건|서울 동작구 상도로 69 상원빌딩 103호|영업시간&매일 11:00 ~ 23:00|02-812-3992|www.dessert39.com|#디저트카페 #데이트코스 #디저트카페 #제로페이|메뉴 이름: 녹차 라떼 가격: 4,100&메뉴 이름: 아메리카노 가격: 3,900&메뉴 이름: 카페라떼 가격: 4,900&메뉴 이름: 허니자몽블랙티 가격: 5,800&메뉴 이름: 흑당밀크티(잔) 가격: 3,900&메뉴 이름: 밀크티라떼 가격: 4,900&메뉴 이름: 피치 자몽 아이스티 가격: 3,800&메뉴 이름: 복숭아 아이스티 코코넛 젤리 가격: 3,800&메뉴 이름: 피치 오렌지 아이스티 가격: 3,800|//t1.kakaocdn.net/thumb/T800x0.q80/?fname=http%3A%2F%2Ft1.daumcdn.net%2Fplace%2F7D89BDF1AEA243CC9F34814D465D3081
동작구|1386852651|시너리 이수점|4.5|12건|서울 동작구 사당로25가길 1 1층|영업시간&매일 12:00 ~ 22:00||instagram.com/scenery_isu|#카페 #제로페이||
동작구|732848562|투썸플레이스 숭실대점|3.2|6건|서울 동작구 사당로 36-1 1,2층|영업시간&매일 10:00 ~ 22:00&이용시 주의 사항&방학,거리두기 기간 11:00~22:00 주차불가|010-8425-0246|www.twosome.co.kr|#커피전문점 |메뉴 이름: 아메리카노 가격: 4,100|//t1.kakaocdn.net/thumb/T800x0.q80/?fname=http%3A%2F%2Ft1.daumcdn.net%2Fplace%2F5BDA7BF90FC048B2BB8E5FC06638E743
동작구|27387937|몽소|3.9|17건|서울 동작구 상도로 65 금성빌딩 1층|영업시간&매일 08:30 ~ 22:00|||#디저트카페 #카카오페이 #제로페이|메뉴 이름: 에그토스트 가격: 3,800&메뉴 이름: 모카빵 가격: 3,800&메뉴 이름: 올리브 치아바타 가격: 4,500&메뉴 이름: 쑥 캄파뉴 가격: 5,000&메뉴 이름: 모카찰빵 가격: 4,800|//t1.kakaocdn.net/thumb/T800x0.q80/?fname=http%3A%2F%2Ft1.daumcdn.net%2Fplace%2FF9B89D03A66947E896E9C2D1137056C3
동작구|24875726|설빙 노량진점|3.3|18건|서울 동작구 노량진로 144 2층|영업시간&매일 10:30 ~ 22:30|02-825-1844|www.sulbing.com|#디저트카페 #카카오페이 #제로페이||//t1.kakaocdn.net/thumb/T800x0.q80/?fname=http%3A%2F%2Ft1.daumcdn.net%2Fplace%2F2AB6996681534DCCB333CD0BAC75EF45
동작구|1823283505|월하당|4.3|10건|서울 동작구 사당로8길 32 1층|영업시간&월,수,목,금,토 11:00 ~ 21:00&일 14:00 ~ 21:00&휴무일&화요일||www.instagram.com/cafe.wolha|#카페 #디저트카페 #빈티지분위기 #오뎅바 #제로페이|메뉴 이름: 에스프레소 가격: 3,000&메뉴 이름: 아메리카노 가격: 3,500&메뉴 이름: 카페라떼 가격: 4,000&메뉴 이름: 초코라떼 가격: 4,500&메뉴 이름: 밀크티 가격: 5,000|//t1.kakaocdn.net/thumb/T800x0.q80/?fname=http%3A%2F%2Ft1.daumcdn.net%2Fplace%2F34AC5F5C447A4638AD6AEF0B9062707A
동작구|1116482997|달쿠마|4.8|17건|서울 동작구 상도로 392-20|영업시간&수~일 11:00 ~ 20:00||www.instagram.com/dalkuma|#디저트카페 #제로페이|메뉴 이름: 아메리카노 가격: 3,000&메뉴 이름: 카페라떼 가격: 3,500&메뉴 이름: 아인슈페너 가격: 4,500&메뉴 이름: 얼그레이 가격: 3,500&메뉴 이름: 딸기라떼 가격: 4,800|//t1.kakaocdn.net/thumb/T800x0.q80/?fname=http%3A%2F%2Ft1.daumcdn.net%2Flocalfiy%2FEB1C0ABDD0CC468DAAAEC2B3AE2EC113
동작구|12118390|엔제리너스 이수역점|3.0|16건|서울 동작구 동작대로25길 16|영업시간&매일 08:00 ~ 22:00|02-595-7619|www.angelinus.co.kr|#커피전문점 #카카오페이 #제로페이|메뉴 이름: FRESH SANDWICH SET 가격: 14,100&메뉴 이름: 큐브달콤 브레드SET 가격: 13,900&메뉴 이름: 오리지널 불고기 가격: 7,000&메뉴 이름: 꽃살크래미 가격: 5,500&메뉴 이름: 싱글오리진 아메리카노 가격: 5,200&메뉴 이름: 자바초콜렛칩스노우 가격: 6,900&메뉴 이름: 쿠키&크림스노우 가격: 6,900|//t1.kakaocdn.net/thumb/T800x0.q80/?fname=http%3A%2F%2Ft1.daumcdn.net%2Fplace%2F5F957181486B4763A3325A438BB0DA2F
동작구|1389092916|앳더블랑|4.6|10건|서울 동작구 흑석로13가길 33|영업시간&월~토 11:00 ~ 22:00|070-8882-4364|www.instagram.com/at.the.blanc|#디저트카페 #감성카페 #레터링케이크|메뉴 이름: 헤이즐넛 휘낭시에 가격: 2,300&메뉴 이름: 아메리카노 가격: 3,500&메뉴 이름: 카페라떼 가격: 4,200&메뉴 이름: 블루레몬에이드 가격: 5,000&메뉴 이름: 플레인스무디 가격: 5,000|//t1.kakaocdn.net/thumb/T800x0.q80/?fname=http%3A%2F%2Ft1.daumcdn.net%2Fplace%2F5DBC3B4CE97F40228A48783C70CFFA5E
동작구|26621726|오페뜨 총신대점|3.2|5건|서울 동작구 사당로 178|영업시간&매일 08:30 ~ 22:30|02-3471-1588|blog.naver.com/ofete1588|#카페 #제로페이||
동작구|1330256152|카페하나|4.0|2건|서울 동작구 시흥대로 596|영업시간&월~금 12:00 ~ 21:00&토,일 13:00 ~ 20:00&휴무일&1월1일&설전날&설당일&추석전날&추석당일|02-833-6521|www.instagram.com/_cafe_hana|#디저트카페 #디저트카페 #제로페이|메뉴 이름: 아메리카노 가격: 4,000&메뉴 이름: 카페라떼 가격: 4,500&메뉴 이름: 밀크티 가격: 6,000&메뉴 이름: 생딸기우유 가격: 6,500&메뉴 이름: 뱅쇼 가격: 8,000|//t1.kakaocdn.net/thumb/T800x0.q80/?fname=http%3A%2F%2Ft1.daumcdn.net%2Flocalfiy%2F8859D5BA75F247B4AC95D1B1B062DC00
동작구|1194192698|토크넌센스|4.0|19건|서울 동작구 흑석로8길 7 지층|영업시간&월~토 10:00 ~ 22:00&휴무일&일요일|010-6278-8858|www.instagram.com/talk_nonsense|#카페 #피맥 #제로페이|메뉴 이름: 아메리카노 가격: 4,000&메뉴 이름: 임자씨(ONLY ICE) 가격: 5,500&메뉴 이름: 카페 라떼 가격: 4,500&메뉴 이름: 땡스 커피(ONLY ICE) 가격: 5,000&메뉴 이름: 쑥스러우유(ONLY ICE) 가격: 5,500|//t1.kakaocdn.net/thumb/T800x0.q80/?fname=http%3A%2F%2Ft1.daumcdn.net%2Flocalfiy%2Fsearchregister_1298158981
동작구|1014747005|도로도로커피숍 노량진점|4.4|8건|서울 동작구 노량진로 145|영업시간&매일 11:00 ~ 22:00&휴무일&마지막 화요일|02-6406-7026|www.instagram.com/dorodorocoffee_shop|#커피전문점 #감성카페 #고즈넉한 #분위기좋은 #카카오페이 #제로페이|메뉴 이름: 아메리카노 가격: 3,800&메뉴 이름: 카페라떼 가격: 4,200&메뉴 이름: 캐모마일 가격: 4,500&메뉴 이름: 수제 레몬차 가격: 4,800&메뉴 이름: 유기농 수퍼 말차 가격: 5,900|//t1.kakaocdn.net/thumb/T800x0.q80/?fname=http%3A%2F%2Ft1.daumcdn.net%2Fplace%2F39F498C9EB8F4CFA8E3B8CEDBF4B767D
동작구|671701240|프리미엄만화카페 잼툰|4.9|8건|서울 동작구 노량진로16길 14 3층|영업시간&월~금 11:00 ~ 23:00&토,일 11:00 ~ 01:00||jamtoon.co.kr|#만화카페 #데이트코스 #루프탑있는 #만화카페 #보드게임 #분위기좋은 #제로페이|메뉴 이름: 아메리카노 가격: 3,000&메뉴 이름: 카페 라떼 가격: 4,000&메뉴 이름: 강릉 흑임자 라떼 가격: 5,500&메뉴 이름: 딸기 라떼 가격: 4,500&메뉴 이름: 카페 비엔나 가격: 4,800|//t1.kakaocdn.net/thumb/T800x0.q80/?fname=http%3A%2F%2Ft1.daumcdn.net%2Fplace%2F03205091611642FC82E43ACCE317F1E7
동작구|1702579152|세라젬 웰카페 서울상도점|3.4|5건|서울 동작구 상도로 176||02-6949-4325||#카페 ||//t1.kakaocdn.net/thumb/T800x0.q80/?fname=http%3A%2F%2Ft1.daumcdn.net%2Flocalfiy%2FBCCCC4E0910A43ACB77A1389C0B43479
동작구|901127235|스타벅스 남성역점|4.3|12건|서울 동작구 사당로 219|영업시간&매일 09:00 ~ 18:00|1522-3232|www.starbucks.co.kr|#커피전문점 #카카오페이|메뉴 이름: 아이스 슈크림 라떼 가격: 6,100&메뉴 이름: 슈크림 라떼 가격: 6,100&메뉴 이름: 아이스 핑크 매그놀리아 레모네이드 가격: 6,100&메뉴 이름: 파인 코코 그린 요거트 블렌디드 가격: 6,500&메뉴 이름: 핑크 매그놀리아 레모네이드 가격: 6,100&메뉴 이름: 오늘의 커피 가격: 4,200&메뉴 이름: 카푸치노 가격: 5,000&메뉴 이름: 카페 라떼 가격: 5,000&메뉴 이름: 카페 모카 가격: 5,500&메뉴 이름: 카페 아메리카노 가격: 4,500&메뉴 이름: 카라멜 마키아또 가격: 5,900&메뉴 이름: 화이트 초콜릿 모카 가격: 5,900&메뉴 이름: 스타벅스 돌체 라떼 가격: 5,900&메뉴 이름: 자바 칩 프라푸치노 가격: 6,300&메뉴 이름: 망고 바나나 블렌디드 가격: 6,300&메뉴 이름: 아이스 자몽 허니 블랙 티 가격: 5,700&메뉴 이름: 자몽 허니 블랙 티 가격: 5,700&메뉴 이름: 콜드 브루 가격: 4,900&메뉴 이름: 디카페인 카페 아메리카노 가격: 4,800&메뉴 이름: 디카페인 카페 라떼 가격: 5,300&메뉴 이름: 제주 유기농 말차로 만든 라떼 가격: 6,100&메뉴 이름: 돌체 콜드 브루 가격: 6,000|//t1.kakaocdn.net/thumb/T800x0.q80/?fname=http%3A%2F%2Ft1.daumcdn.net%2Fplace%2FDCA7B248CA9C47808131E4C6C808D28E
동작구|1527444323|리앤홍|4.8|10건|서울 동작구 서달로14길 18 2층|영업시간&토,일 11:00 ~ 21:00&휴무일&월,화,수,목,금요일|02-815-4132|www.leeandhong.co.kr|#카페 #로스팅전문 #핸드드립전문점 #제로페이|메뉴 이름: 블랙커피(엘살바도르 자바) (HOT) 가격: 6,000&메뉴 이름: 블랙커피(코스타리카 몬테 브리아스) (HOT) 가격: 6,000&메뉴 이름: 도르미르 블란도 디카페인 (HOT) 가격: 6,000&메뉴 이름: 카페라떼 (HOT) 가격: 7,000&메뉴 이름: 카푸치노 (HOT) 가격: 7,000|
동작구|2108080258|이수살롱|4.3|8건|서울 동작구 동작대로29길 53 2층|영업시간&월,목,금 11:00 ~ 17:00&토,일 11:00 ~ 20:00&휴무일&화,수요일||www.instagram.com/isu.salon|#디저트카페 #감성카페 #공주풍 #데이트코스 #디저트카페 #분위기좋은 #수제디저트 #앤틱한 #점심식사|메뉴 이름: 아메리카노 가격: 4,000&메뉴 이름: 카페라떼 가격: 4,500&메뉴 이름: 타라미수라떼 가격: 6,000&메뉴 이름: 살롱밀크티 가격: 6,000&메뉴 이름: 캐모마일 허브티 가격: 5,500|//t1.kakaocdn.net/thumb/T800x0.q80/?fname=http%3A%2F%2Ft1.daumcdn.net%2Fplace%2F938D04A05491437DA41C66389B1F7143
동작구|513208215|달콤쌉싸롱|4.0|8건|서울 동작구 노량진로12길 12-4|영업시간&월~금 07:00 ~ 23:00&토 08:00 ~ 23:00&일 08:00 ~ 22:00|||#카페 #분위기좋은 #스터디카페 #제로페이|메뉴 이름: 아메리카노 가격: 3,000&메뉴 이름: 카페라떼 가격: 3,700&메뉴 이름: 카푸치노 가격: 3,700&메뉴 이름: 바닐라라떼 가격: 4,300&메뉴 이름: 헤이즐넛라떼 가격: 4,300|//t1.kakaocdn.net/thumb/T800x0.q80/?fname=http%3A%2F%2Ft1.daumcdn.net%2Fplace%2F018976B42B2D48BD9257FA533DB2865E
동작구|1938424097|보드게임하자|4.6|7건|서울 동작구 만양로14길 25 지하 1층||02-812-1062|www.instagram.com/boardgamehaja|#보드카페 #보드게임카페 #제로페이||//t1.kakaocdn.net/thumb/T800x0.q80/?fname=http%3A%2F%2Ft1.daumcdn.net%2Fplace%2FEC26F1945DBB4D8296039688B2040B44
동작구|26644174|설빙 이수역점|2.7|9건|서울 동작구 동작대로27가길 12 2층|영업시간&매일 11:00 ~ 23:00|070-4255-7575|www.sulbing.com|#디저트카페 #카카오페이 #제로페이||//t1.kakaocdn.net/thumb/T800x0.q80/?fname=http%3A%2F%2Ft1.daumcdn.net%2Fplace%2F89BA6E9B35844CD08BB64ABBE30D95E3
동작구|20598401|카페니토|4.8|4건|서울 동작구 상도로15길 105|영업시간&월~금 08:30 ~ 23:00&토,일 09:00 ~ 23:00|||#카페 #핸드드립전문점 #제로페이|메뉴 이름: 아메리카노 가격: 3,300&메뉴 이름: 리얼아이스티 가격: 4,000&메뉴 이름: 카페라떼 가격: 3,800&메뉴 이름: 얼그레이 가격: 3,500&메뉴 이름: 민트초콜렛 가격: 4,000|//t1.kakaocdn.net/thumb/T800x0.q80/?fname=http%3A%2F%2Ft1.daumcdn.net%2Fplace%2FDDDD14FB25C04436AEB62C6A8499C0E2
동작구|897416044|메가커피 노량진점|3.7|3건|서울 동작구 노량진로16길 14|영업시간&월~금 07:00 ~ 21:00&토,일 08:00 ~ 21:00|02-821-2017|www.megacoffee.me|#커피전문점 #제로페이||
동작구|2023214465|투썸플레이스 보라매삼성쉐르빌점|3.2|13건|서울 동작구 보라매로5길 43 1층|영업시간&월~금 07:00 ~ 23:00&토,일 08:00 ~ 23:00|02-832-2388|www.twosome.co.kr|#커피전문점 #카카오페이||
동작구|1336507553|휘게|5.0|3건|서울 동작구 상도로52길 19 2층|영업시간&월,화,수,일 10:00 ~ 18:00&목~토 10:00 ~ 22:00&월,화,수,일 라스트오더1 ~ 17:00&목~토 라스트오더2 ~ 20:00||hyggecafe.co.kr|#카페 #데이트코스 #브런치카페 #제로페이||//t1.kakaocdn.net/thumb/T800x0.q80/?fname=http%3A%2F%2Ft1.daumcdn.net%2Fplace%2F39F22D811944491B81D956F0D20116EC
동작구|1846632785|H플레이스카페|4.0|5건|서울 동작구 여의대방로36길 10 1층|영업시간&매일 10:00 ~ 23:30|||#카페 #데이트코스 #분위기좋은 #제로페이|메뉴 이름: 아메리카노 가격: 3,500&메뉴 이름: 헤이즐넛 아메리카노 가격: 3,800&메뉴 이름: 카페라떼 가격: 3,800|//t1.kakaocdn.net/thumb/T800x0.q80/?fname=http%3A%2F%2Ft1.daumcdn.net%2Fplace%2F7FEDE8AFA02A4C2D87B99780380B80B6
동작구|1244149804|그루비|4.5|4건|서울 동작구 상도로41길 13 1층|영업시간&매일 10:00 ~ 23:00|070-7543-3532||#카페 |메뉴 이름: 아메리카노 가격: 3,500&메뉴 이름: 카페라떼 가격: 4,000&메뉴 이름: 바닐라 라떼 가격: 4,500&메뉴 이름: 오렌지유자에이드 가격: 5,500&메뉴 이름: 레몬에이드 가격: 5,500|//t1.kakaocdn.net/thumb/T800x0.q80/?fname=http%3A%2F%2Ft1.daumcdn.net%2Flocalfiy%2Fsearchregister_621755111
동작구|1217086961|하늘을걷는고양이카페|2.2|5건|서울 동작구 동작대로27길 15 서범빌딩 4층|영업시간&매일 13:30 ~ 20:30|02-533-7647||#고양이카페 #고양이카페 #제로페이||
동작구|2111731078|미완성카페 성대점|4.8|10건|서울 동작구 성대로2길 5-5 1층|영업시간&매일 11:00 ~ 22:00|02-816-8449||#카페 #스터디카페 #제로페이|메뉴 이름: 아메리카노(HOT) 가격: 2,700&메뉴 이름: 카페라떼(HOT) 가격: 4,000&메뉴 이름: 바닐라라떼(HOT) 가격: 4,700&메뉴 이름: 제주잎차라떼(HOT) 가격: 4,300&메뉴 이름: 레몬에이드 가격: 4,700|//t1.kakaocdn.net/thumb/T800x0.q80/?fname=http%3A%2F%2Ft1.kakaocdn.net%2Ffiy_reboot%2Fplace%2F1FA698BAF0B84066858C7659864B70D4
동작구|26644160|설빙 보라매점|2.7|3건|서울 관악구 보라매로3길 29 해태보라매타워 2층|영업시간&매일 10:30 ~ 22:30|02-831-6117|www.sulbing.com|#디저트카페 #카카오페이 #제로페이||//t1.kakaocdn.net/thumb/T800x0.q80/?fname=http%3A%2F%2Ft1.daumcdn.net%2Fplace%2FDD0EBBA89A69457B9D6BBF93BC8E8DE3
동작구|17148192|할리스 노량진역점|2.3|26건|서울 동작구 노량진로 157 2층|영업시간&매일 09:00 ~ 22:00|02-827-0280|www.hollys.co.kr|#커피전문점 #제로페이|메뉴 이름: 티아라 딸기 생크림 케이크 가격: 32,000&메뉴 이름: 해피 홀리데이 세트 가격: 18,600&메뉴 이름: 스윗 뉴 이어 세트 가격: 18,300&메뉴 이름: 해피 크로플 세트 가격: 20,600&메뉴 이름: 뚱카롱 세트 가격: 8,700&메뉴 이름: 딸기치즈스윗박스 가격: 6,900&메뉴 이름: 해피 도넛 딸기 할리치노 - R/ICE 가격: 6,300&메뉴 이름: 더 진한 딸기 스무디 - R/ICE 가격: 6,800&메뉴 이름: 할리스 리프레시 세트 가격: 20,300&메뉴 이름: 할리스 브런치 세트 가격: 19,300|
동작구|701381349|생각이나|4.3|7건|서울 동작구 보라매로19길 23 1층|영업시간&기타&(수목금토일 12시~ 마카롱 소진시 마감)&휴무일&월,화,일요일|070-8827-8244|blog.naver.com/lylyly25|#디저트카페 #데이트코스 #제로페이|메뉴 이름: 마카롱 가격: 2,300&메뉴 이름: S마카롱 가격: 2,500&메뉴 이름: 꼬끄후레이크 가격: 2,000&메뉴 이름: 머랭쿠키 가격: 2,000&메뉴 이름: 프레첼 머랭쿠키 가격: 2,500|
동작구|1978601745|흑석커피|5.0|12건|서울 동작구 서달로14가길 5 1층|영업시간&월~토 10:00 ~ 22:30&휴무일&일요일|02-3280-9267||#커피전문점 |메뉴 이름: 바스크치즈케이크 가격: 5,500&메뉴 이름: 티라미수 가격: 4,500&메뉴 이름: 아이스크림프로플 가격: 7,000&메뉴 이름: 얼그레이오렌지마들렌 가격: 1,500|//t1.kakaocdn.net/thumb/T800x0.q80/?fname=http%3A%2F%2Ft1.daumcdn.net%2Fplace%2FAB6B6869B5AF475DB2A4F7FDD9361196
동작구|1243818980|커피집|0.0|0건|서울 동작구 대림로 55|영업시간&월~금 09:00 ~ 21:00||www.instagram.com/cafe_coffeejip|#카페 #감성카페 #깔끔한 #데이트코스 #분위기좋은 #친목모임 #제로페이|메뉴 이름: 아메리카노 가격: 3,500&메뉴 이름: 카페라떼 가격: 3,800&메뉴 이름: 플레인요거트 가격: 5,000&메뉴 이름: 딸기스무디 가격: 4,500&메뉴 이름: 레몬에이드 가격: 4,300|//t1.kakaocdn.net/thumb/T800x0.q80/?fname=http%3A%2F%2Ft1.daumcdn.net%2Fplace%2F80178970FF3C40D0A1FA8E61D0883568
동작구|1844298437|그랩커피|4.5|15건|서울 동작구 흑석로8길 12 1층|영업시간&월~토 10:00 ~ 22:00&휴무일&일요일||www.instagram.com/grab_coffee_brunch_|#디저트카페 #감성카페 #제로페이|메뉴 이름: 아메리카노 가격: 3,500&메뉴 이름: 카페라떼 가격: 4,000&메뉴 이름: 플랫화이트 (진한 라떼) 가격: 4,000&메뉴 이름: 패션 후르츠 에이드 가격: 4,800&메뉴 이름: 더치 바닐라 가격: 5,000|//t1.kakaocdn.net/thumb/T800x0.q80/?fname=http%3A%2F%2Ft1.daumcdn.net%2Flocalfiy%2F00BD9EF6C11249D2B7B59DED22B9B82F
동작구|8597100|할리스 이수역점|1.5|16건|서울 동작구 동작대로 83 헤라피스빌딩 1층|영업시간&월~금 08:00 ~ 02:00&토,일 09:00 ~ 02:00|02-588-4845|www.hollys.co.kr|#커피전문점 #카카오페이 #제로페이|메뉴 이름: 티아라 딸기 생크림 케이크 가격: 32,000&메뉴 이름: 해피 홀리데이 세트 가격: 18,600&메뉴 이름: 스윗 뉴 이어 세트 가격: 18,300&메뉴 이름: 해피 크로플 세트 가격: 20,600&메뉴 이름: 뚱카롱 세트 가격: 8,700&메뉴 이름: 딸기치즈스윗박스 가격: 6,900&메뉴 이름: 해피 도넛 딸기 할리치노 - R/ICE 가격: 6,300&메뉴 이름: 더 진한 딸기 스무디 - R/ICE 가격: 6,800&메뉴 이름: 할리스 리프레시 세트 가격: 20,300&메뉴 이름: 할리스 브런치 세트 가격: 19,300|//t1.kakaocdn.net/thumb/T800x0.q80/?fname=http%3A%2F%2Ft1.daumcdn.net%2Fplace%2FB1955F1280F64D8298BF9EF4437EE051
동작구|1326211008|카페블랑|2.7|3건|서울 동작구 동작대로5길 13 1층|영업시간&월~금 10:30 ~ 22:30&토,일 11:00 ~ 22:30|010-2025-0730|www.instagram.com/cafe.blanc_blanc|#카페 #분위기좋은 #제로페이|메뉴 이름: 아메리카노 가격: 3,600&메뉴 이름: 카페라떼 가격: 3,900&메뉴 이름: 자몽 에이드 가격: 4,900&메뉴 이름: 복숭아 아이스티 가격: 4,000&메뉴 이름: 얼그레이 (HOT) 가격: 4,000|//t1.kakaocdn.net/thumb/T800x0.q80/?fname=http%3A%2F%2Ft1.daumcdn.net%2Fplace%2F771C8A7A3C224531B0A6CD1B34456BD3
동작구|1795372527|몰랑이수|3.5|6건|서울 동작구 동작대로29길 24|영업시간&매일 08:00 ~ 19:00&휴무일&첫째,셋째 월요일|02-593-9555|www.molangisu.com|#떡카페 ||//t1.kakaocdn.net/thumb/T800x0.q80/?fname=http%3A%2F%2Ft1.daumcdn.net%2Fplace%2F0B28EA39110B48ABA11327001F1AABD9
동작구|276342000|메가커피 이수태평점|3.5|4건|서울 동작구 동작대로27길 20 1층|영업시간&월~토 08:00 ~ 24:00&일 09:00 ~ 23:00|02-535-8428|www.megacoffee.me|#커피전문점 #카카오페이 #제로페이||//t1.kakaocdn.net/thumb/T800x0.q80/?fname=http%3A%2F%2Ft1.daumcdn.net%2Fplace%2F26A9BBD4F1C6494E8291CC4DEAE3592A
동작구|1615043028|티앤캣|3.3|4건|서울 동작구 등용로 88 2층|영업시간&화~금 13:00 ~ 22:00&토,일 12:00 ~ 22:00&휴무일&월요일&                                            (공휴일,대체공휴일 정상영업)|070-8965-7868|www.instagram.com/tncat_0202|#고양이카페 #고양이카페 #보드게임카페 #제로페이||//t1.kakaocdn.net/thumb/T800x0.q80/?fname=http%3A%2F%2Ft1.kakaocdn.net%2Ffiy_reboot%2Fplace%2F885E9ABC1431460A9A4A738E78CB2193
동작구|1811666371|엘에스와이랩|5.0|13건|서울 동작구 노량진로 250 1층|영업시간&매일 08:00 ~ 20:00|02-814-0916|blog.naver.com/lsylab|#커피전문점 #제로페이||//t1.kakaocdn.net/thumb/T800x0.q80/?fname=http%3A%2F%2Ft1.daumcdn.net%2Fplace%2F0DCFF83A119645668DAE1BFA5DF4CC31
동작구|18300353|이디야커피 총신대입구역점|2.7|11건|서울 동작구 동작대로 119-1 2층|영업시간&월~토 09:00 ~ 24:00&일 09:00 ~ 23:00&공휴일&09:00 ~ 24:00|02-533-0274|www.ediya.com|#커피전문점 #카카오페이 #제로페이||
동작구|454664846|동작카페|4.8|8건|서울 동작구 노량진로8길 60 1층|영업시간&매일 08:00 ~ 21:00|070-8846-6006|www.instagram.com/dongjak_cafe|#커피전문점 #감성카페 #카카오페이 #제로페이|메뉴 이름: 동작슈페너(I) 가격: 5,000&메뉴 이름: 오션솔트라떼(I) 가격: 5,500&메뉴 이름: 티라미수라떼(I) 가격: 5,500&메뉴 이름: 돌체큐브라떼(I) 가격: 5,500&메뉴 이름: 아메리카노 가격: 2,900&메뉴 이름: 카페라떼 가격: 4,000|//t1.kakaocdn.net/thumb/T800x0.q80/?fname=http%3A%2F%2Ft1.kakaocdn.net%2Ffiy_reboot%2Fplace%2FA7387814693846F7AE50498BD354E4DB
동작구|639700545|엔제리너스 노량진점|4.3|6건|서울 동작구 노량진로 154-1|영업시간&매일 08:00 ~ 23:00|02-812-0829|www.angelinus.com|#커피전문점 #혼밥 #카카오페이 #제로페이|메뉴 이름: FRESH SANDWICH SET 가격: 14,100&메뉴 이름: 큐브달콤 브레드SET 가격: 13,900&메뉴 이름: 오리지널 불고기 가격: 7,000&메뉴 이름: 꽃살크래미 가격: 5,500&메뉴 이름: 싱글오리진 아메리카노 가격: 5,200&메뉴 이름: 자바초콜렛칩스노우 가격: 6,900&메뉴 이름: 쿠키&크림스노우 가격: 6,900|//t1.kakaocdn.net/thumb/T800x0.q80/?fname=http%3A%2F%2Ft1.daumcdn.net%2Flocalfiy%2F251CBA763F514017A2369E1052A45639
동작구|27265082|커피나무 노량진학원점|3.9|9건|서울 동작구 만양로14길 44|영업시간&월~금 07:30 ~ 23:00&토,일 08:00 ~ 23:00|02-3280-2225||#커피전문점 #제로페이||//t1.kakaocdn.net/thumb/T800x0.q80/?fname=http%3A%2F%2Ft1.daumcdn.net%2Fplace%2FE802688CB35849B9A2B9C9E3239080CF
동작구|2000535430|메가커피 보라매점|3.0|7건|서울 동작구 여의대방로 28 현대상가 112동 B121호, B122호|||www.megacoffee.me|#커피전문점 #제로페이||
동작구|27543948|키즈팡팡|5.0|4건|서울 동작구 장승배기로 18 2~3층|영업시간&매일 10:00 ~ 21:00&매일 입장시간 10:00 ~ 20:00||blog.naver.com/sr5007|#키즈카페 #제로페이||//t1.kakaocdn.net/thumb/T800x0.q80/?fname=http%3A%2F%2Ft1.daumcdn.net%2Fplace%2F5DED23CD9FD9400FAB9B375E8C24EBBB
동작구|26357412|이디야커피 신상도초교점|5.0|3건|서울 동작구 양녕로 183|영업시간&매일 08:00 ~ 22:00|02-3280-5558|www.ediya.com|#커피전문점 #카카오페이 #제로페이||//t1.kakaocdn.net/thumb/T800x0.q80/?fname=http%3A%2F%2Ft1.daumcdn.net%2Fplace%2FA9920DCD522C4D57B76511D4059EB961
동작구|17379924|이디야커피 사당점|5.0|2건|서울 동작구 동작대로 45|영업시간&월~금 08:00 ~ 23:00&토,일 09:00 ~ 23:00&공휴일&09:00 ~ 23:00|02-587-9105|www.ediya.com|#커피전문점 #카카오페이 #제로페이||
동작구|1665267046|라르고|3.8|12건|서울 동작구 동작대로1길 36|영업시간&매일 10:00 ~ 22:00|||#카페 #고즈넉한 #공부하기좋은 #데이트코스 #로스팅전문 #빈티지분위기 #앤틱한 #핸드드립전문점 #카카오페이 #제로페이|메뉴 이름: 아메리카노 가격: 4,500&메뉴 이름: 카페라떼 가격: 5,000&메뉴 이름: 카푸치노 가격: 5,000&메뉴 이름: 초코 가격: 5,500&메뉴 이름: 얼그레이 가격: 6,000|//t1.kakaocdn.net/thumb/T800x0.q80/?fname=http%3A%2F%2Ft1.daumcdn.net%2Fplace%2F6A613ECDF476401EB86EF03FF8363503
동작구|82782395|더치앤빈 장승배기역점|2.8|8건|서울 동작구 상도로 153|영업시간&매일 10:00 ~ 24:00|02-817-5353||#커피전문점 #제로페이|메뉴 이름: 진심 토마토주스 (R) 가격: 4,000&메뉴 이름: 진심 호두바나나주스 (R) 가격: 4,000&메뉴 이름: 진심 자몽주스 (R) 가격: 4,000&메뉴 이름: 진심 키위주스 (R) 가격: 4,000&메뉴 이름: 진심 딸기바나나주스 (R) 가격: 4,000|//t1.kakaocdn.net/thumb/T800x0.q80/?fname=http%3A%2F%2Ft1.daumcdn.net%2Fplace%2FCCD083D34A4E47EC9530E68D7E14124A
동작구|15263902|카페무|4.1|7건|서울 동작구 동작대로1길 10-4 지하 1층, 1~2층|영업시간&월~토 11:00 ~ 22:30&일 12:00 ~ 22:30|02-523-7003|moo.alldaycafe.kr|#커피전문점 |메뉴 이름: 요거트스무디 가격: 5,000&메뉴 이름: 에이드 가격: 5,000&메뉴 이름: 아메리카노(HOT) 가격: 3,000&메뉴 이름: 카페라떼(HOT) 가격: 4,000&메뉴 이름: 녹차라떼(HOT) 가격: 4,500|//t1.kakaocdn.net/thumb/T800x0.q80/?fname=http%3A%2F%2Ft1.daumcdn.net%2Fcfile%2F124AA4394EF7FAB611
동작구|1020084458|핸드픽트호텔 볼룸|1.0|1건|서울 동작구 상도로 120 지하1층|영업시간&매일 09:00 ~ 22:00&매일 브레이크타임 15:00 ~ 16:00|02-2229-5492|handpicked.kr|#디저트카페 #룸카페 #모던한 #어린이놀이방 #캐주얼펍|메뉴 이름: 오곡팥빙수 가격: 13,000&메뉴 이름: 녹차팥빙수 가격: 13,000&메뉴 이름: 애플망고치즈빙수 가격: 13,000&메뉴 이름: 요거트베리빙수 가격: 13,000|//t1.kakaocdn.net/thumb/T800x0.q80/?fname=http%3A%2F%2Ft1.daumcdn.net%2Fplace%2F858B52EF012544FEA06BE66BC0745742
동작구|33382441|할리스 대방역점|3.2|10건|서울 동작구 알마타길 6 파밀리에 하늘마루 101,102호|영업시간&매일 09:00 ~ 22:00|02-825-6369|www.hollys.co.kr|#커피전문점 #카카오페이 #제로페이|메뉴 이름: 티아라 딸기 생크림 케이크 가격: 32,000&메뉴 이름: 해피 홀리데이 세트 가격: 18,600&메뉴 이름: 스윗 뉴 이어 세트 가격: 18,300&메뉴 이름: 해피 크로플 세트 가격: 20,600&메뉴 이름: 뚱카롱 세트 가격: 8,700&메뉴 이름: 딸기치즈스윗박스 가격: 6,900&메뉴 이름: 해피 도넛 딸기 할리치노 - R/ICE 가격: 6,300&메뉴 이름: 더 진한 딸기 스무디 - R/ICE 가격: 6,800&메뉴 이름: 할리스 리프레시 세트 가격: 20,300&메뉴 이름: 할리스 브런치 세트 가격: 19,300|//t1.kakaocdn.net/thumb/T800x0.q80/?fname=http%3A%2F%2Ft1.daumcdn.net%2Fplace%2F5C28F3EF9E6543CE8F164C8DAD3DB2C7
동작구|707757220|메가커피 보라매타운점|0.0|0건|서울 동작구 보라매로5가길 16|||www.megacoffee.me|#커피전문점 #제로페이||//t1.kakaocdn.net/thumb/T800x0.q80/?fname=http%3A%2F%2Ft1.daumcdn.net%2Fplace%2FA33F8912E82945FBA08E7DB986B503C7
동작구|27200173|커피팩토리쏘 본점|3.8|5건|서울 동작구 노량진로 196 JH빌딩 1층||02-823-5777||#커피전문점 ||
동작구|12555755|빅컵|3.5|10건|서울 동작구 흑석로 14||||#카페 ||
동작구|25068179|달의 둥지|4.1|13건|서울 동작구 사당로13길 31 두산위브상가 11-1호||02-532-6998||#커피전문점 ||
동작구|27390944|만화카페쉼표|4.2|11건|서울 동작구 사당로 295||||#테마카페 ||
동작구|20885233|카페씨어터|4.0|2건|서울 동작구 동작대로13길 12||02-586-2122||#카페 ||
동작구|16383132|단골커피|4.7|6건|서울 동작구 등용로14길 61||||#카페 ||
동작구|17384225|파스쿠찌 이수역점|0.0|0건|서울 동작구 동작대로27길 22||02-532-1358||#커피전문점 ||
동작구|135809475|하우스공감|3.7|6건|서울 동작구 여의대방로22아길 54 101호||||#카페 ||
동작구|25971670|공차 이수점|1.5|8건|서울 동작구 동작대로27길 14||02-532-6744||#카페 ||
동작구|1894306529|디저트39 대방점|4.0|4건|서울 동작구 여의대방로36길 105 1층||02-3280-8779||#디저트카페 ||
동작구|1412392612|초록상어|4.0|4건|서울 동작구 상도로26길 14||||#카페 ||
동작구|287398890|할리스 장승배기역점|3.0|7건|서울 동작구 장승배기로11가길 11 1층||02-812-9330||#커피전문점 ||
동작구|26511407|공차 중앙대점|2.2|13건|서울 동작구 흑석로 83-2 2,3층||02-825-5087||#카페 ||
동작구|1542009728|나리당|4.6|7건|서울 동작구 사당로16가길 93 1층||010-5448-4518||#디저트카페 ||
동작구|1467728486|에이바우트커피 이수점|3.7|3건|서울 동작구 동작대로27가길 12||||#카페 ||
동작구|2110652221|플란츠앤플라|5.0|3건|서울 동작구 성대로16길 67-5 1층||010-4751-3920||#테마카페 ||
동작구|358339557|놀숲 노량진점|3.3|6건|서울 동작구 노량진로 176 지하1층||02-3280-7888||#만화카페 ||
동작구|21424521|이디야커피 노들점|4.4|8건|서울 동작구 노량진로 200 1층||02-3280-3777||#커피전문점 ||
동작구|2084442914|커피어반|4.8|12건|서울 동작구 노량진로14길 29 1층||||#카페 ||
동작구|27187711|커피팩토리쏘 교육점|2.0|8건|서울 동작구 여의대방로54길 12||02-823-6123||#커피전문점 ||
동작구|27393034|빽다방 노량진학원점|2.5|8건|서울 동작구 만양로 94-2||02-811-7737||#커피전문점 ||
동작구|371303877|멜로우무드|4.8|20건|서울 동작구 사당로26길 109 1층 101호||0507-1323-3270||#카페 ||
동작구|1443512662|카페봄봄|1.8|5건|서울 동작구 사당로 18-1||02-816-6700||#카페 ||
동작구|2112072913|메가커피 상도해링턴플레이스점|4.0|4건|서울 동작구 상도로 207 근생시설동 지하 2층 B208, B213호||02-3280-3286||#커피전문점 ||
동작구|15740463|이디야커피 신대방삼거리점|4.4|5건|서울 동작구 상도로 78 1층||02-811-0373||#커피전문점 ||
동작구|9320475|이디야커피 숭실대점|2.3|7건|서울 동작구 사당로 2||02-817-1852||#커피전문점 ||
동작구|1634362346|메가커피 숭실대입구역점|5.0|5건|서울 동작구 상도로 362-1 1층||02-3280-6382||#커피전문점 ||
동작구|725908063|브라보커피|4.8|16건|서울 동작구 여의대방로24길 72 1층||||#카페 ||
동작구|1856640314|페이브베이커리 흑석점|3.6|5건|서울 동작구 서달로14가길 1||||#카페 ||
동작구|26312319|이디야커피 장승배기역점|4.0|4건|서울 동작구 상도로 193||02-3280-2034||#커피전문점 ||
동작구|143353272|빽다방 신대방삼거리점|3.1|7건|서울 동작구 국사봉1길 28||02-825-5077||#커피전문점 ||
동작구|7915286|이디야커피 상도중앙점|5.0|3건|서울 동작구 만양로 17 1층 101, 102호||||#커피전문점 ||
동작구|886072067|카페숨|0.0|0건|서울 동작구 상도로 329 지하1층||||#카페 ||
동작구|339971449|먼셀커피|4.3|12건|서울 동작구 사당로 257||02-6405-0028||#카페 ||
동작구|1166131464|디저트킴|4.7|13건|서울 동작구 상도로 17-8 1층||0507-1303-3521||#디저트카페 ||
동작구|18855925|이디야커피 보라매공원점|2.7|3건|서울 동작구 여의대방로 90||02-845-2299||#커피전문점 ||
동작구|1454566440|메가커피 신대방삼거리역점|3.4|5건|서울 동작구 보라매로 113 104호||02-822-2278||#커피전문점 ||
동작구|1856606889|카페아무르|5.0|5건|서울 동작구 사당로16길 75||||#카페 ||
동작구|233971331|매머드익스프레스 중앙대후문점|5.0|1건|서울 동작구 흑석로 25 1층||070-7622-0928||#커피전문점 ||
동작구|537590852|레스트어와일|4.4|5건|서울 동작구 보라매로7가길 4||02-822-9985||#카페 ||
동작구|19037987|일상다반사|4.4|16건|서울 동작구 동작대로25길 60-1||||#카페 ||
동작구|1454238342|마이트커피|4.4|10건|서울 동작구 사당로 159 1층||070-4045-0159||#커피전문점 ||
동작구|1280043373|커피나무 상도역점|2.0|3건|서울 동작구 상도로 297-1||||#카페 ||
동작구|372548686|텐퍼센트커피 이수역점|5.0|1건|서울 동작구 동작대로29길 36||0507-1433-4826||#커피전문점 ||
동작구|510998158|카페 익스큐즈미|5.0|2건|서울 동작구 상도로 3 101호||02-813-0578||#카페 ||
동작구|1388631546|놀숲 보라매점|2.8|4건|서울 동작구 보라매로5가길 16 보라매아카데미타워 6층||||#만화카페 ||
동작구|23923083|델루가|3.2|5건|서울 동작구 만양로14사길 1 지하1층||02-824-1147||#카페 ||
동작구|1664401299|컴포즈커피 성대시장점|1.8|13건|서울 동작구 성대로2길 5-1||02-813-8906||#커피전문점 ||
동작구|23346956|이디야커피 중앙대후문점|4.7|3건|서울 동작구 흑석로 20 1층||02-826-9632||#커피전문점 ||
동작구|1728866549|에버에버에프터|4.1|7건|서울 동작구 상도로61가길 6 1층||||#커피전문점 ||
동작구|322430931|이디야커피 이수중앙점|2.5|4건|서울 동작구 사당로 285||02-535-1738||#커피전문점 ||
동작구|1275361733|베브릿지 중앙대점|4.4|7건|서울 동작구 흑석로9길 4||02-823-7966||#카페 ||
동작구|1990381324|빽다방 상도e편한점|5.0|3건|서울 동작구 만양로 6 상도노빌리티 1층 106호||02-817-5588||#커피전문점 ||
동작구|1074899585|셜록홈즈 노량진점|4.3|3건|서울 동작구 만양로 102-2 지하1층||02-827-0054||#테마카페 ||
동작구|129092538|러쉬커피|3.0|1건|서울 동작구 동작대로39길 22||02-537-2050||#카페 ||
동작구|888813952|놀숲 이수역점|1.8|4건|서울 동작구 동작대로27길 5 지하1층||02-533-4523||#만화카페 ||
동작구|1742750823|폴드|5.0|8건|서울 동작구 만양로14가길 8 1층||||#디저트카페 ||
동작구|1056401610|앞마당커피|5.0|4건|서울 동작구 성대로1길 24 1층||||#카페 ||
동작구|364392326|상도가든|5.0|1건|서울 동작구 양녕로 220||02-3280-5314||#카페 ||
동작구|494861828|이디야커피 사당역점|3.9|12건|서울 동작구 동작대로7길 100||02-521-6282||#커피전문점 ||
동작구|955684789|상도동커피|2.7|3건|서울 동작구 장승배기로 18||02-823-3154||#카페 ||
동작구|19593376|이디야커피 대방역점|3.2|5건|서울 동작구 노량진로 24||02-811-0740||#커피전문점 ||
동작구|23346970|커피팩토리쏘 공장점|1.8|6건|서울 동작구 등용로14길 71 수동빌딩 1층||02-814-5501||#커피전문점 ||
동작구|606114093|이디야커피 총신대점|3.3|7건|서울 동작구 사당로16가길 96 1,2층||02-587-8880||#커피전문점 ||
동작구|13061997|이디야커피 중앙대점|3.3|3건|서울 동작구 흑석로 79 1층||02-813-5660||#커피전문점 ||
동작구|712605849|by AM|5.0|6건|서울 동작구 상도로34길 1||02-821-2128||#커피전문점 ||
동작구|792027665|원킴|3.5|2건|서울 동작구 사당로 261||070-4090-7538||#카페 ||
동작구|17596638|담꽃|0.0|0건|서울 동작구 현충로 164 2층||0507-1437-2979||#카페 ||
동작구|21545271|아마스빈 노량진점|4.5|11건|서울 동작구 만양로 112 서원빌딩 1층||02-813-3589||#카페 ||
동작구|1406308950|백미당 서송타워점|0.0|0건|서울 동작구 동작대로 137||02-593-1964||#카페 ||
동작구|16619564|카페아리보|3.5|6건|서울 동작구 동작대로3길 6||02-523-1300||#커피전문점 ||
동작구|21238675|미소|1.0|2건|서울 동작구 동작대로29길 17 2층||02-532-5770||#카페 ||
동작구|26832715|제이콜라보|1.8|8건|서울 동작구 상도로15길 64||02-814-5556||#커피전문점 ||
동작구|315634329|모조|3.0|18건|서울 동작구 동작대로1길 8 1,2층||||#카페 ||
동작구|1877651139|컴포즈커피 신대방삼거리역점|1.0|2건|서울 동작구 국사봉길 2 1층||02-3280-3330||#커피전문점 ||
동작구|668868626|커피나무 노량진 3호점|3.6|5건|서울 동작구 장승배기로 151-1||02-813-2323||#카페 ||
동작구|1073265389|투디카페|4.4|9건|서울 동작구 상도로 285 1층||02-585-2006||#디저트카페 ||
동작구|1968388631|뉴타입그루브|4.5|15건|서울 동작구 사당로17라길 8 1층||070-7802-1602||#카페 ||
동작구|10668198|이디야커피 보라매점|2.5|4건|서울 동작구 보라매로5가길 16 101-7호||02-836-1013||#커피전문점 ||
동작구|11411567|베러댄와플 중앙대점|4.6|34건|서울 동작구 서달로 163 세명빌딩 1층||02-6465-5100||#디저트카페 ||
동작구|1712815924|컴포즈커피 이수중앙점|5.0|2건|서울 동작구 사당로 283 1층||02-535-1736||#커피전문점 ||
동작구|1714787149|메가커피 동작남성점|2.0|2건|서울 동작구 사당로 243||||#커피전문점 ||
동작구|1149252372|디스턴스|4.8|13건|서울 동작구 대림로 20 1층||010-5872-9052||#카페 ||
동작구|20006616|엔제리너스 GS이수역D/I점|3.3|4건|서울 동작구 동작대로 135 1,2층||02-599-0422||#커피전문점 ||
동작구|1540641604|이공커피 흑석본점|3.3|3건|서울 동작구 서달로 151||02-826-9194||#카페 ||
동작구|449995104|컵오브컴포트|5.0|8건|서울 동작구 상도로 283-2 2층||0507-1340-1154||#카페 ||
동작구|1580456493|히코코커피 신대방본점|0.0|0건|서울 동작구 보라매로 80 1층||070-4066-0704||#커피전문점 ||
동작구|899811973|카페온니|3.8|6건|서울 동작구 노량진로8길 55 더클래식동작 1층||02-822-3211||#카페 ||
동작구|25599318|빽다방 동작남성점|1.0|1건|서울 동작구 사당로17길 3 1층||02-532-8770||#커피전문점 ||
동작구|19374696|이디야커피 노량진CTS점|2.4|7건|서울 동작구 노량진로 110||02-814-7475||#커피전문점 ||
동작구|35954246|A브런치카페|0.0|0건|서울 동작구 여의대방로24길 22||02-842-0880||#디저트카페 ||
동작구|26787519|커피나무 숭실대점|3.7|6건|서울 동작구 상도로61길 65 1층||02-811-0799||#커피전문점 ||
동작구|1249162784|미스터힐링 노량진점|3.5|2건|서울 동작구 만양로 98||02-814-5400||#테마카페 ||
동작구|17976802|나귀와플라타너스|5.0|7건|서울 동작구 흑석로 101-3 3층||02-815-0915||#카페 ||
동작구|21855480|이디야커피 상도역점|2.7|3건|서울 동작구 상도로 277||02-3280-0627||#커피전문점 ||
동작구|27403816|마망베베키즈카페|3.0|1건|서울 동작구 국사봉1길 18 상진상가 3층||02-3280-7982||#키즈카페 ||
동작구|20620101|커피나무|4.4|5건|서울 동작구 흑석로 85-5||02-3280-1391||#커피전문점 ||
동작구|24245331|일리카페 보라매점|4.3|4건|서울 동작구 보라매로5길 15||02-3284-1282||#커피전문점 ||
동작구|397596693|이수커피|5.0|2건|서울 동작구 동작대로23길 13||||#카페 ||
동작구|819657300|설빙 중앙대점|2.3|9건|서울 동작구 흑석로 101-10 2층||02-821-1098||#디저트카페 ||
동작구|225028648|st535로스터리카페|5.0|5건|서울 동작구 상도로30길 40||||#카페 ||
동작구|874880608|코코라움|5.0|2건|서울 동작구 사당로27길 58 1층||02-704-5625||#카페 ||
동작구|25403444|이디야커피 해군회관점|4.1|10건|서울 동작구 여의대방로 194||02-814-7472||#커피전문점 ||
동작구|528767186|14일커피|4.5|2건|서울 동작구 사당로20길 29 1층||070-8624-0141||#카페 ||
동작구|1763082658|달리는커피 노량진점|4.4|5건|서울 동작구 성대로29길 69 1층 102호||02-6081-1222||#카페 ||
동작구|746969844|제일커피|4.9|10건|서울 동작구 사당로14길 19 1층||||#카페 ||
동작구|653219506|컴포즈커피 동작도서관점|4.0|3건|서울 동작구 장승배기로 98 1층||070-4193-9911||#커피전문점 ||
동작구|528315000|카페재인|3.6|16건|서울 동작구 사당로 276 성보빌딩 1층||02-581-7016||#카페 ||
동작구|1513693412|컴포즈커피 사당임하빌딩점|3.0|4건|서울 동작구 남부순환로 2061 1층||02-598-6644||#커피전문점 ||
동작구|1235155631|매머드익스프레스 중앙대점|5.0|3건|서울 동작구 흑석로 101||||#커피전문점 ||
동작구|1337784803|웨스트빙고|3.8|10건|서울 동작구 동작대로13길 6 1층||0507-1342-3143||#커피전문점 ||
동작구|113364194|베이비카페 카리스|0.0|0건|서울 동작구 보라매로5가길 16||070-4223-6959||#카페 ||
동작구|347330253|카페인중독 상도점|3.7|3건|서울 동작구 성대로29길 61 1층||02-3280-1928||#커피전문점 ||
동작구|139712775|더벤티 노량진점|4.0|2건|서울 동작구 노량진로16길 31||02-813-6866||#커피전문점 ||
동작구|1720284634|카페힐우드|5.0|1건|서울 동작구 만양로 50 1층||0507-1371-7238||#카페 ||
동작구|387815577|카페더테이블|5.0|4건|서울 동작구 성대로 87||||#카페 ||
동작구|34190538|더벤티 신대방삼거리역점|2.8|4건|서울 동작구 상도로 73 1층||02-3280-6308||#커피전문점 ||
동작구|27501216|오드리|4.5|4건|서울 동작구 양녕로 265||02-826-1069||#북카페 ||
동작구|240925620|콘레드커피 노량진점|4.3|3건|서울 동작구 만양로 112 1층101호||02-813-0984||#커피전문점 ||
동작구|2106683085|에이쓰리바우트커피|5.0|2건|서울 동작구 만양로 105 1층||||#커피전문점 ||
동작구|576435600|코너빈커피|4.9|8건|서울 동작구 장승배기로 96-2 2층 201호||070-8782-5406||#커피전문점 ||
동작구|14632233|리치빈스커피|4.0|4건|서울 동작구 상도로 286||||#커피전문점 ||
동작구|1320216663|콘레드커피|4.5|2건|서울 동작구 만양로14가길 4 1층||02-822-6804||#카페 ||
동작구|168206548|컴포즈커피 대림성모점|3.6|5건|서울 동작구 신대방길 116 1층||||#커피전문점 ||
동작구|1979710362|비엔|5.0|10건|서울 동작구 만양로14다길 17 1층||||#카페 ||
동작구|940411924|눈부심어웨이즈|5.0|1건|서울 동작구 사당로2차길 43 1층||||#디저트카페 ||
동작구|2127910136|요거트맨 보라매점|1.9|7건|서울 동작구 보라매로5길 43 삼성쉐르빌 107호||02-843-1300||#디저트카페 ||
동작구|27245549|동장군친구들|4.1|7건|서울 동작구 동작대로7길 56||02-588-1489||#카페 ||
동작구|27510517|쥬씨 노량진점|2.5|12건|서울 동작구 노량진로 143||||#생과일전문점 ||
동작구|1237460554|컴포즈커피 이수총신대점|4.7|3건|서울 동작구 동작대로27길 16-7 1층||02-592-5945||#커피전문점 ||
동작구|128782046|아마스빈 보라매점|4.9|8건|서울 동작구 여의대방로 86-1||02-848-1422||#카페 ||
동작구|25430887|이디야커피 남성역점|5.0|2건|서울 동작구 사당로17가길 13 1층||02-532-8937||#커피전문점 ||
동작구|1860526565|유프카페|4.7|15건|서울 동작구 흑석로 27 2층||010-6893-0047||#카페 ||
동작구|1650970850|카페피크닉|3.0|5건|서울 동작구 장승배기로28길 26 1층||||#카페 ||
동작구|19038173|제이스커피나무|4.0|1건|서울 동작구 사당로30길 43||||#커피전문점 ||
동작구|19338163|카페율리 이수점|4.0|4건|서울 동작구 사당로29길 8 1층||02-534-3933||#카페 ||
동작구|26942737|블루커피|3.3|8건|서울 동작구 사당로26길 130-6||070-8860-8880||#커피전문점 ||
동작구|2095074122|오그랩|4.5|6건|서울 동작구 여의대방로24사길 8 1층||02-6448-7829||#카페 ||
동작구|19042320|이디야커피 대림성모점|4.2|5건|서울 동작구 시흥대로 658||02-833-9829||#커피전문점 ||
동작구|1409014728|바나프레소 이수역점|5.0|1건|서울 동작구 동작대로 123||||#카페 ||
동작구|1316001206|미스터힐링 이수역점|3.5|2건|서울 동작구 동작대로27길 9 5층||02-536-6696||#테마카페 ||
동작구|358501944|LP음악카페쎄시봉|3.7|7건|서울 동작구 동작대로 43||02-2055-0300||#카페 ||
동작구|239143976|카페필림 본점|5.0|7건|서울 동작구 흑석로 8-1||02-824-0300||#카페 ||
동작구|406159735|카페자이고 상도직영점|5.0|3건|서울 동작구 장승배기로10길 130 상도더샵1차아파트 상가 2층 205호||02-815-4525||#카페 ||
동작구|26478478|쿠즈코커피 보라매점|3.2|11건|서울 동작구 보라매로 59 1층||02-3280-2994||#커피전문점 ||
동작구|1020828179|모코커피|5.0|2건|서울 동작구 상도로12길 9||02-3280-2266||#카페 ||
동작구|97851972|에딕티이즈|5.0|5건|서울 동작구 동작대로27길 62 1층||||#디저트카페 ||
동작구|499724647|상도동 카페오월|4.8|8건|서울 동작구 성대로1길 21 1층 2호||02-822-9020||#카페 ||
동작구|611463163|달리는커피 사당1호점|5.0|2건|서울 동작구 동작대로35가길 1||02-533-8279||#카페 ||
동작구|476807768|컴포즈커피 중앙대점|1.7|3건|서울 동작구 흑석로 109 1층||02-825-1210||#커피전문점 ||
동작구|1954808391|이디야커피 노량진드림스퀘어점|5.0|1건|서울 동작구 노들로2길 7 드림스퀘어 복합건물 C동 113호||02-3280-2003||#커피전문점 ||
동작구|383749210|커피나무 남성역점|0.0|0건|서울 동작구 사당로16가길 10 1층||02-597-1757||#커피전문점 ||
동작구|2088100551|사이|5.0|1건|서울 동작구 동작대로21길 36 1층 103호||010-9355-5059||#카페 ||
동작구|897383386|미테랑커피도서관|4.0|1건|서울 동작구 흑석로13가길 19||02-3280-0910||#카페 ||
동작구|554127998|카페쿠잉|5.0|5건|서울 동작구 여의대방로46길 30||02-6339-2882||#카페 ||
동작구|17126992|탐앤탐스 중앙대점|1.3|7건|서울 동작구 흑석로 105 2층||02-814-4565||#커피전문점 ||
동작구|1799294768|더벤티 장승배기역점|0.0|0건|서울 동작구 상도로 180 1층||02-3280-8003||#커피전문점 ||
동작구|1611684900|컴포즈커피 노량진점|3.8|5건|서울 동작구 노량진로16길 22||||#커피전문점 ||
동작구|1767659984|카페마인드어스|0.0|0건|서울 동작구 사당로23길 112 래미안로이파크 후면상가 B107호||02-594-0087||#카페 ||
동작구|27403705|워너커피 신대방삼거리점|5.0|1건|서울 동작구 국사봉1길 58||070-4797-2285||#커피전문점 ||
동작구|771775527|밍구네다방|5.0|3건|서울 동작구 노량진로6길 2 1층||010-2725-1009||#카페 ||
동작구|1599564477|빙찌|5.0|5건|서울 동작구 보라매로9가길 10||02-811-1329||#디저트카페 ||
동작구|27495018|진커피|5.0|2건|서울 동작구 노량진로12길 13||||#카페 ||
동작구|1852359603|카페누라|5.0|2건|서울 동작구 사당로14길 11 1층||02-6397-4813||#카페 ||
동작구|16712071|아르코|2.0|9건|서울 동작구 노량진로14길 8||||#카페 ||
동작구|27539717|카페제페토|5.0|4건|서울 동작구 남부순환로 2019 경신빌딩 1층||02-3472-2610||#카페 ||
동작구|733127223|브릿지엣지|5.0|1건|서울 동작구 상도로53길 70 상도에스에이치빌 상가 311호||||#디저트카페 ||
동작구|1570312688|블랙컵|3.0|1건|서울 동작구 노량진로14길 15 1층||||#카페 ||
동작구|140887461|도깨비방망이|5.0|1건|서울 동작구 여의대방로36길 29 대림아파트 분산상가동 지하1층||02-815-7776||#키즈카페 ||
동작구|15683556|커피나무 중대후문점|5.0|1건|서울 동작구 흑석로 22||02-827-0744||#커피전문점 ||
동작구|688594817|팔공티 노량진점|4.8|22건|서울 동작구 노량진로 180||02-812-8082||#카페 ||
동작구|615272797|카페홀로|5.0|1건|서울 동작구 동작대로9길 32||||#카페 ||
동작구|267845778|더머커피|4.8|6건|서울 동작구 보라매로 91 1층||02-3280-1203||#커피전문점 ||
동작구|26475260|요거프레소 장승배기역점|5.0|1건|서울 동작구 상도로15길 134||02-6212-0380||#디저트카페 ||
동작구|365238858|카페38|5.0|3건|서울 동작구 여의대방로22나길 38||||#카페 ||
동작구|919838583|에그카페24 상도점|0.0|0건|서울 동작구 양녕로25길 10||1588-0230||#카페 ||
동작구|1191369001|매머드익스프레스 노량진점|3.4|5건|서울 동작구 노량진로16길 28-2 1층||070-8808-1645||#커피전문점 ||
동작구|1235512376|초코다방|4.2|5건|서울 동작구 사당로16가길 71||02-598-0855||#다방 ||
동작구|19883460|위드모리|4.0|7건|서울 동작구 보라매로 104||02-815-1666||#커피전문점 ||
동작구|1161671491|윤카페|5.0|2건|서울 동작구 여의대방로22길 40 더룩스보라매 1, 2층||||#카페 ||
동작구|2030422278|더플롯커피|4.0|4건|서울 동작구 보라매로5길 43 보라매삼성쉐르빌 1층 111호||||#카페 ||
동작구|1859935390|미쁘다|4.4|5건|서울 동작구 여의대방로54길 27||070-7543-6363||#카페 ||
동작구|1194043383|드웨이|5.0|1건|서울 동작구 상도로41마길 15 1층||02-823-9393||#카페 ||
동작구|423504131|삼일샐러드|4.2|6건|서울 동작구 사당로27길 94-3 1층||||#카페 ||
동작구|1792046748|짙은|5.0|2건|서울 동작구 상도로37길 69||||#카페 ||
동작구|1164754161|모코커피|0.0|0건|서울 동작구 대방동길 57||||#카페 ||
동작구|1513076285|메가커피 이수역점|0.0|0건|서울 동작구 동작대로 89 1층 104호||||#커피전문점 ||
동작구|26305939|요거프레소 사당점|1.0|1건|서울 동작구 사당로16길 47||02-887-2908||#디저트카페 ||
동작구|612734685|라자루스|5.0|8건|서울 동작구 남부순환로 2021||02-597-5022||#커피전문점 ||
동작구|11968692|커피나무 상도점|0.0|0건|서울 동작구 흑석로 10||02-816-1391||#커피전문점 ||
동작구|324916782|감미상점|4.0|2건|서울 동작구 등용로 79||02-813-4839||#디저트카페 ||
동작구|1770601146|달콤커피 이수역점|4.0|1건|서울 동작구 동작대로 101 1층||||#커피전문점 ||
동작구|785728828|더치앤빈 보라매역점|4.0|5건|서울 동작구 여의대방로 132||||#카페 ||
동작구|1663451642|위드버터|5.0|3건|서울 동작구 동작대로3길 42 1층||||#디저트카페 ||
동작구|20709091|커피하우스준|5.0|2건|서울 동작구 사당로 247-7||02-532-3095||#커피전문점 ||
동작구|282469763|쥬씨 총신대입구역점|3.3|4건|서울 동작구 동작대로27길 18|||www.no1juicy.com|#생과일전문점 #카카오페이 #제로페이||
동작구|609934943|엘리스빈커피|3.7|9건|서울 동작구 국사봉1길 82 1층||02-823-2310|instagram.com/amisora8|#카페 #건강음료 #제로페이||//t1.kakaocdn.net/thumb/T800x0.q80/?fname=http%3A%2F%2Ft1.daumcdn.net%2Flocalfiy%2F1372ECF1C24F481CABA203EC45113AB4
동작구|1256688416|커피파니|5.0|1건|서울 동작구 사당로22가길 16 1층|영업시간&월~금 10:30 ~ 20:00&토 10:30 ~ 19:00&휴무일&일요일||www.instagram.com/coffee_pani|#카페 #제로페이|메뉴 이름: 밀크티 가격: 4,500&메뉴 이름: 플레인요거트스무디 가격: 4,500|//t1.kakaocdn.net/thumb/T800x0.q80/?fname=http%3A%2F%2Ft1.daumcdn.net%2Fplace%2F7A88DFF21B7A468680DE1A000BA1470C
동작구|18896011|카페커피상상|1.6|5건|서울 동작구 만양로14가길 7|관련 전화번호&02-813-6685|02-822-1600||#커피전문점 #제로페이||
동작구|503880450|모코커피창고|0.0|0건|서울 동작구 상도로37길 31||||#커피전문점 #제로페이|메뉴 이름: 에스프레소 가격: 3,500&메뉴 이름: 아인슈페너 가격: 5,500&메뉴 이름: 헤이즐넛라떼 가격: 4,500&메뉴 이름: 더치커피 가격: 4,500&메뉴 이름: 복숭아아이스티 가격: 4,500|//t1.kakaocdn.net/thumb/T800x0.q80/?fname=http%3A%2F%2Ft1.daumcdn.net%2Fplace%2F994E85F67A204A05BE29391E852E4073
동작구|1617692450|유유커피|4.4|5건|서울 동작구 상도로 246 1층|영업시간&월~토 09:00 ~ 21:00&휴무일&일요일|||#디저트카페 #제로페이|메뉴 이름: 아메리카노 가격: 3,500&메뉴 이름: 카페라떼 가격: 4,000&메뉴 이름: 토코라떼 가격: 4,300&메뉴 이름: 자몽차 가격: 4,300&메뉴 이름: 유자차 가격: 4,300|//t1.kakaocdn.net/thumb/T800x0.q80/?fname=http%3A%2F%2Ft1.daumcdn.net%2Fplace%2F88EDC1FE75FD4204A7E5012DC96DDF14
동작구|1924586009|아이비 케이크|0.0|0건|서울 동작구 양녕로23길 9 1층 104, 105호|영업시간&월,수,목,금,토,일 10:00 ~ 18:00&공휴일&10:00 ~ 18:00|010-9910-4845||#디저트카페 #제로페이|메뉴 이름: 생화케이크 가격: 변동가격|//t1.kakaocdn.net/thumb/T800x0.q80/?fname=http%3A%2F%2Ft1.kakaocdn.net%2Fmystore%2F549008CB36D340B08397370D70084794
동작구|1696797439|할리스 보라매병원점|0.0|0건|서울 동작구 보라매로5길 20 1동 희망관 1층|영업시간&월~금 07:30 ~ 20:00&토,일 08:00 ~ 21:00&공휴일&08:00 ~ 21:00|070-7545-7642|www.hollys.co.kr|#커피전문점 #카카오페이|메뉴 이름: 티아라 딸기 생크림 케이크 가격: 32,000&메뉴 이름: 해피 홀리데이 세트 가격: 18,600&메뉴 이름: 스윗 뉴 이어 세트 가격: 18,300&메뉴 이름: 해피 크로플 세트 가격: 20,600&메뉴 이름: 뚱카롱 세트 가격: 8,700&메뉴 이름: 딸기치즈스윗박스 가격: 6,900&메뉴 이름: 해피 도넛 딸기 할리치노 - R/ICE 가격: 6,300&메뉴 이름: 더 진한 딸기 스무디 - R/ICE 가격: 6,800&메뉴 이름: 할리스 리프레시 세트 가격: 20,300&메뉴 이름: 할리스 브런치 세트 가격: 19,300|
동작구|1118812059|카페제스트|5.0|2건|서울 동작구 국사봉길 93||||#카페 #점심식사 #제로페이||
동작구|1288545046|커피더캠프 보라매점|4.3|4건|서울 동작구 보라매로5길 51||02-844-5838||#커피전문점 #분위기좋은 #카카오페이 #제로페이||//t1.kakaocdn.net/thumb/T800x0.q80/?fname=http%3A%2F%2Ft1.daumcdn.net%2Fplace%2FB62FC01DBD564D4697F02824ED2CFC89
동작구|21424661|다사랑다방|0.0|0건|서울 동작구 여의대방로24가길 22||02-821-3596||#다방 #카카오페이||
동작구|1719668805|마카롱스퀘어|0.0|0건|서울 동작구 양녕로22가길 16|영업시간&화~금 12:00 ~ 19:00&휴무일&월,일요일|070-7778-8334|www.instagram.com/macaron_square|#디저트카페 #제로페이|메뉴 이름: 마카롱(1개) 가격: 2,500|//t1.kakaocdn.net/thumb/T800x0.q80/?fname=http%3A%2F%2Ft1.daumcdn.net%2Fplace%2FAE81272DD7C249679E638638BC83C4B7
동작구|1524173458|이수케이프|3.0|2건|서울 동작구 동작대로 79 지하||02-523-7651|isucape.com|#테마카페 #제로페이||
동작구|1684741589|나따오비까|0.0|0건|서울 동작구 성대로2길 1||02-823-5486||#카페 ||
동작구|66451308|소소정찻집|5.0|1건|서울 동작구 남부순환로 2027 1층 102호|영업시간&매일 08:00 ~ 20:00|02-585-0527|www.instagram.com/sosojoung2027|#카페 #디톡스음료 #제로페이||
동작구|660498307|정우원|5.0|4건|서울 동작구 장승배기로 53 1층|영업시간&매일 10:00 ~ 22:00||www.instagram.com/juw_flowertea|#카페 #제로페이||//t1.kakaocdn.net/thumb/T800x0.q80/?fname=http%3A%2F%2Ft1.daumcdn.net%2Flocalfiy%2Fsearchregister_567159784
동작구|1151095578|커피온리 숭실대점|4.0|1건|서울 동작구 사당로 20 1층|영업시간&월~금 08:00 ~ 22:10&토,일 10:00 ~ 20:00|070-7703-0901|coffee900.com|#커피전문점 #제로페이|메뉴 이름: 아메리카노 가격: 900&메뉴 이름: 흑당밀크(S) 가격: 2,200&|//t1.kakaocdn.net/thumb/T800x0.q80/?fname=http%3A%2F%2Ft1.daumcdn.net%2Fplace%2F24D8CADD1C1C4EBEAC8BF60A2059BABC
동작구|1616654542|이수당|5.0|2건|서울 동작구 동작대로15길 87 101호|영업시간&월~토 10:00 ~ 21:00|010-2379-5413||#카페 #제로페이|메뉴 이름: 아메리카노 가격: 3,500|
동작구|19434330|카페나무|5.0|4건|서울 동작구 상도로 152-1 2층|영업시간&월~금 10:00 ~ 22:00&토 13:00 ~ 21:00|010-7788-7947|cafenamu.kr|#카페 #제로페이|메뉴 이름: 아메리카노(HOT) 가격: 2,500&메뉴 이름: 아메리카노(ICE) 가격: 3,000&메뉴 이름: 카페라떼(HOT) 가격: 3,000&메뉴 이름: 카페라떼(ICE) 가격: 3,500&메뉴 이름: 카푸치노(HOT) 가격: 3,000&메뉴 이름: 카푸치노(ICE) 가격: 3,500&메뉴 이름: 카라멜마끼야또(HOT) 가격: 3,000&메뉴 이름: 카라멜마끼야또(ICE) 가격: 3,500&메뉴 이름: 카페모카초코(HOT) 가격: 3,500&메뉴 이름: 카페모카초코(ICE) 가격: 4,000&메뉴 이름: 바닐라라떼(HOT) 가격: 3,000&메뉴 이름: 바닐라라떼(ICE) 가격: 3,500&메뉴 이름: 카라멜라떼(HOT) 가격: 3,000&메뉴 이름: 카라멜라떼(ICE) 가격: 3,500&메뉴 이름: 자몽마끼야또(ICE) 가격: 4,500&메뉴 이름: 루이보스(HOT) 가격: 3,000&메뉴 이름: 루이보스(ICE) 가격: 3,000&메뉴 이름: 얼그레이(HOT) 가격: 3,000&메뉴 이름: 얼그레이(ICE) 가격: 3,000&메뉴 이름: 자스민(HOT) 가격: 4,000|
동작구|1702693782|카페187 퀘렌시아|5.0|2건|서울 동작구 동작대로 187||02-591-0187||#카페 ||
동작구|956777348|지유명차 이수점|5.0|10건|서울 동작구 동작대로15길 125 태경하우스 1층|영업시간&월,수,목,금,토,일 13:00 ~ 21:00&휴무일&화요일|010-7458-9224|www.instagram.com/g.u_tea_isu|#전통찻집 #제로페이||
동작구|1758919087|더리터 서울상도점|5.0|3건|서울 동작구 국사봉길 74 1층 101호|영업시간&월,화,수,목,일 09:00 ~ 21:00&금,토 09:00 ~ 22:00|070-4140-8488|www.theliter.co.kr|#커피전문점 #카카오페이 #제로페이||//t1.kakaocdn.net/thumb/T800x0.q80/?fname=http%3A%2F%2Ft1.kakaocdn.net%2Ffiy_reboot%2Fplace%2FADA474B0C4404FC6A30A2110554FC67C
동작구|1561049067|더해피 노량스터디점|5.0|6건|서울 동작구 만양로 65 1층|영업시간&매일 11:00 ~ 22:00|||#카페 #제로페이|메뉴 이름: 상큼한 과을 크로플 가격: 5,500&메뉴 이름: 플레인 크로플 가격: 3,300&메뉴 이름: 시나몬 크로플 가격: 3,700&메뉴 이름: 시나몬 아이스크림 크로플 가격: 5,500&메뉴 이름: 망버터 크로플 가격: 6,500|//t1.kakaocdn.net/thumb/T800x0.q80/?fname=http%3A%2F%2Ft1.daumcdn.net%2Fplace%2F3ED2328D5D3E493CA29AE77EDC557F7E
동작구|210598476|발아커피|5.0|3건|서울 동작구 동작대로7길 87|영업시간&매일 11:00 ~ 22:30|||#카페 #브런치카페 #수제베이커리 #제로페이|메뉴 이름: 발아 아메리카노 가격: 3,200&메뉴 이름: 발아 카페라떼 가격: 4,500&메뉴 이름: 발아 카푸치노 가격: 4,500&메뉴 이름: 발아 바닐라라떼 가격: 4,500&메뉴 이름: 발아 코코넛라떼 가격: 4,500|//t1.kakaocdn.net/thumb/T800x0.q80/?fname=http%3A%2F%2Ft1.daumcdn.net%2Fplace%2F7F991CD6B5554614996CA91ECF9153E4
동작구|771978757|카페1987|4.4|7건|서울 동작구 노량진로 162||||#카페 #제로페이|메뉴 이름: 아메리카노(R) 가격: 1,000&메뉴 이름: 카페라떼(R) 가격: 2,000&메뉴 이름: 비엔나커피(R) 가격: 2,500&메뉴 이름: 말차라떼(R) 가격: 3,000&메뉴 이름: 얼그레이(R) 가격: 2,000|
동작구|813761871|커피대장|4.0|1건|서울 동작구 상도로15길 51 1층||||#카페 #제로페이||//t1.kakaocdn.net/thumb/T800x0.q80/?fname=http%3A%2F%2Ft1.daumcdn.net%2Fplace%2FF3DCF60DB38F450F90F1A981190E0808
동작구|1415797928|더벤티 중앙대점|5.0|1건|서울 동작구 흑석로 90 1층||070-7782-3442|www.theventi.co.kr|#커피전문점 #제로페이||//t1.kakaocdn.net/thumb/T800x0.q80/?fname=http%3A%2F%2Ft1.daumcdn.net%2Fplace%2FE8C607AF084445818F4874450D809052
동작구|799560877|담율서관|0.0|0건|서울 동작구 상도로 252 명승빌딩 3층||02-822-2777|yullibrary.modoo.at|#북카페 #공부하기좋은 #북카페 #스터디카페||//t1.kakaocdn.net/thumb/T800x0.q80/?fname=http%3A%2F%2Ft1.daumcdn.net%2Flocalfiy%2Fsearchregister_312306771
동작구|991779805|디저트프로젝트|5.0|1건|서울 동작구 사당로17길 83|영업시간&월,화,수,금 12:00 ~ 19:00&토 12:00 ~ 17:00&휴무일&목,일요일|02-533-1717|www.instagram.com/de.project02|#디저트카페 #디저트카페 #레터링케이크 #케이크주문제작 #제로페이||//t1.kakaocdn.net/thumb/T800x0.q80/?fname=http%3A%2F%2Ft1.kakaocdn.net%2Ffiy_reboot%2Fplace%2F0BB1F35D53894E4BA27E3ACF08003E33
동작구|1492950613|공차 보라매공원점|1.0|1건|서울 동작구 여의대방로 88 1층|영업시간&매일 07:00 ~ 23:00|02-849-8482|www.gong-cha.co.kr|#카페 #카카오페이 #제로페이|메뉴 이름: 브라운슈가 치즈폼 스무디(L) 가격: 5,700&메뉴 이름: 브라운슈가 쥬얼리 밀크티(L) 가격: 5,300&메뉴 이름: 망고 스무디 가격: 5,300&메뉴 이름: 망고 요구르트(L) 가격: 5,000&메뉴 이름: 망고 주스(L) 가격: 4,600&메뉴 이름: 망고요구르트+화이트펄(L) 가격: 5,200&메뉴 이름: 블랙 밀크티(L) 가격: 4,000&메뉴 이름: 블랙밀크티+펄(L) 가격: 4,200&메뉴 이름: 블랙티(L) 가격: 3,500&메뉴 이름: 아메리카노 가격: 3,500&메뉴 이름: 얼그레이 밀크티(L) 가격: 4,000&메뉴 이름: 얼그레이티(L) 가격: 3,500&메뉴 이름: 우롱 밀크티(L) 가격: 4,000&메뉴 이름: 우롱티(L) 가격: 3,500&메뉴 이름: 자스민 그린티(L) 가격: 3,500&메뉴 이름: 제주 그린티 스무디 가격: 5,300&메뉴 이름: 청포도 스무디 가격: 4,800&메뉴 이름: 초코 쿠앤크 스무디 가격: 4,500&메뉴 이름: 초콜렛 밀크티(L) 가격: 4,000&메뉴 이름: 카페라떼 가격: 4,000&메뉴 이름: 타로 밀크티(L) 가격: 4,000&메뉴 이름: 타로밀크티+펄(L) 가격: 4,200&메뉴 이름: 피스타치오 밀크티+펄(L) 가격: 4,900&메뉴 이름: 제주 그린 밀크티+펄(L) 가격: 4,900&메뉴 이름: 청포도 그린티+알로에(L) 가격: 4,500|
동작구|2134585717|오늘도 카페일리터 방배점|0.0|0건|서울 동작구 동작대로33다길 12-4||||#카페 #제로페이||
동작구|458571814|커피베이 대방현대점|2.6|5건|서울 동작구 등용로 122 1층|영업시간&매일 10:00 ~ 22:00|02-814-0302|www.coffee-bay.co.kr|#커피전문점 #제로페이||
동작구|13581980|카페루시드|0.0|0건|서울 동작구 노량진동 41-30||02-816-4379||#카페 |메뉴 이름: 에스프레소 가격: 2,000&메뉴 이름: 아메리카노 가격: 2,000&메뉴 이름: 더치아메리카노 가격: 3,500&메뉴 이름: 카페라떼 가격: 2,500&메뉴 이름: 카푸치노 가격: 2,500&메뉴 이름: 바닐라라떼 가격: 3,000&메뉴 이름: 카라멜라떼 가격: 3,000&메뉴 이름: 헤이즐넛라떼 가격: 3,000&메뉴 이름: 카페모카 가격: 3,000&메뉴 이름: 카라멜카페모카 가격: 3,000&메뉴 이름: 화이트모카 가격: 3,000&메뉴 이름: 바닐라 딜라이트 가격: 4,000&메뉴 이름: 카라멜마끼아또 가격: 3,000&메뉴 이름: 치즈케익 가격: 3,500&메뉴 이름: 허니브레드 가격: 4,500&메뉴 이름: 치아바타 가격: 3,500&메뉴 이름: 아포가토 가격: 3,500&메뉴 이름: 미숫가루 가격: 3,000&메뉴 이름: 초코라떼 가격: 2,500&메뉴 이름: 녹차라떼 가격: 2,500|
동작구|1322636526|커피집|4.0|1건|서울 동작구 상도로30길 40 1층 116호|영업시간&월~금 08:00 ~ 23:00&토,일 08:30 ~ 23:00|02-814-1232|www.instagram.com/cafe_coffeejip|#카페 #제로페이|메뉴 이름: 아메리카노 가격: 3,500&메뉴 이름: 카페라떼 가격: 4,000&메뉴 이름: 바닐라라떼 가격: 4,200&메뉴 이름: 커피집커피 가격: 4,200&메뉴 이름: 연유라떼 가격: 4,700|//t1.kakaocdn.net/thumb/T800x0.q80/?fname=http%3A%2F%2Ft1.daumcdn.net%2Fplace%2F1E80A24DF21A4E4AB334BFFBB98DBE6C
동작구|25463428|시에나에스프레소|5.0|2건|서울 동작구 사당로30길 55|영업시간&월,화,수,금 08:00 ~ 18:00&토,일 10:00 ~ 18:00&목 08:00 ~ 16:00|070-8861-5563||#카페 #분위기좋은 #소품샵 #테라스가있는 #제로페이||//t1.kakaocdn.net/thumb/T800x0.q80/?fname=http%3A%2F%2Ft1.daumcdn.net%2Fplace%2FDD16617FC0B744B88A3111B48B3A7040
동작구|786746214|쥬씨 장승배기역점|3.3|3건|서울 동작구 상도로 181 1층|||www.no1juicy.com|#생과일전문점 ||
동작구|1471482022|미지수카페|5.0|3건|서울 동작구 사당로2아길 2|영업시간&화~금 09:00 ~ 20:00&토,일 10:00 ~ 20:00&(공휴일 포함)&휴무일&월요일||www.instagram.com/mizisu_coffee|#카페 #로스팅전문 #분위기좋은 #제로페이|메뉴 이름: 아메리카노 가격: 3,500&메뉴 이름: 카페라떼 가격: 3,800&메뉴 이름: 망고레드주스 가격: 4,800&메뉴 이름: 카모마일 가격: 4,500&메뉴 이름: 플레인요거트 가격: 5,000|
동작구|397694500|순자|4.4|8건|서울 동작구 서달로14나길 16|영업시간&월요일|02-813-0813||#카페 #안심식당 #제로페이||//t1.kakaocdn.net/thumb/T800x0.q80/?fname=http%3A%2F%2Ft1.daumcdn.net%2Flocalfiy%2FC860EBCA0AFE4421821C2C9D1588D5A5
동작구|691498429|스프링힐|5.0|4건|서울 동작구 솔밭로 59 1층|영업시간&매일 10:00 ~ 21:00|02-522-5528||#카페 #제로페이|메뉴 이름: 아메리카노 가격: 3,300&메뉴 이름: 카페라떼 가격: 4,000&메뉴 이름: 복숭아 아이스티 가격: 3,800&메뉴 이름: 플레인 요거트스무디 가격: 5,000&메뉴 이름: 얼그레이 가격: 4,500|//t1.kakaocdn.net/thumb/T800x0.q80/?fname=http%3A%2F%2Ft1.daumcdn.net%2Fplace%2F5FE429FBBABD4B70B00817EF6476DD91
동작구|27470229|플레고|0.0|0건|서울 동작구 흑석한강로 27 한강푸르지오상가 2층|영업시간&화~금 14:00 ~ 21:00&토,일 11:00 ~ 21:00&휴무일&월요일|02-826-9116||#키즈카페 #제로페이|메뉴 이름: 1시간 이용시간 가격: 7,000&메뉴 이름: 아메리카노 가격: 2,000&메뉴 이름: 아이스 아메리카노 가격: 2,500&메뉴 이름: 끓인 라면 가격: 4,000&메뉴 이름: 슬라임+토핑 가격: 10,000|//t1.kakaocdn.net/thumb/T800x0.q80/?fname=http%3A%2F%2Ft1.daumcdn.net%2Flocalfiy%2FC3A3DB893F5D49DFACB6B21036F2955E
동작구|134411846|매머드익스프레스 노량진2호점|2.3|3건|서울 동작구 노량진로12길 16 1층|영업시간&월~금 07:00 ~ 21:00&토,일 08:00 ~ 21:00||www.mmthcoffee.com|#커피전문점 ||
동작구|1334924338|더치앤빈 흑리단길점|4.3|3건|서울 동작구 서달로14길 40||||#카페 #카카오페이 #제로페이||
동작구|1932670812|사임당갤러리카페|0.0|0건|서울 동작구 동작대로39가길 89||02-595-1232|blog.naver.com/parkjw0328|#갤러리카페 #갤러리카페 #친목모임 #제로페이||
동작구|1175676912|유별커피|5.0|1건|서울 동작구 사당로13길 34 1층||010-9140-0813|유별커피.com|#카페 #제로페이||
동작구|1160806935|위드커피|5.0|3건|서울 동작구 흑석로 4||||#커피전문점 #카카오페이 #제로페이||
동작구|1983671196|카페코지 노량진점|4.9|7건|서울 동작구 만양로 42|영업시간&월~토 09:00 ~ 22:00&휴무일&일요일|||#커피전문점 #제로페이|메뉴 이름: 아메리카노 가격: 3,000&메뉴 이름: 카페라떼 가격: 4,000&메뉴 이름: 요크셔 밀크티 가격: 4,500&메뉴 이름: 패션후르츠에이드 가격: 4,500&메뉴 이름: 코코넛커피스무디 가격: 4,800|//t1.kakaocdn.net/thumb/T800x0.q80/?fname=http%3A%2F%2Ft1.daumcdn.net%2Fplace%2F26A5F862E422495F959CCE51401E5D6B
동작구|2022253171|커피바이핸즈|5.0|3건|서울 동작구 사당로17길 43 1층|영업시간&화,목,금,토,일 08:30 ~ 18:00&수 08:30 ~ 13:00|||#커피전문점 #로스팅전문 #제로페이|메뉴 이름: 아메리카노 가격: 3,300&메뉴 이름: 카페라떼 가격: 3,800&메뉴 이름: 더치커피 가격: 4,300&메뉴 이름: 더치라떼 가격: 4,800&메뉴 이름: 핸드드립 가격: 5,000|//t1.kakaocdn.net/thumb/T800x0.q80/?fname=http%3A%2F%2Ft1.kakaocdn.net%2Ffiy_reboot%2Fplace%2FDC623002ADA14C099ED1EA610593528F
동작구|869511191|셀렉토커피 상도두산점|5.0|2건|서울 동작구 상도로30길 40|영업시간&매일 09:00 ~ 23:00|02-812-1977||#커피전문점 #제로페이||//t1.kakaocdn.net/thumb/T800x0.q80/?fname=http%3A%2F%2Ft1.daumcdn.net%2Flocalfiy%2F9F772271B8BE4D23AF3D45140CC51F37
동작구|1437828010|미르보드게임|5.0|2건|서울 동작구 흑석로 81-6 지하 1층|관련 홈페이지&www.instagram.com/mirboard/|010-4765-4638|blog.naver.com/mirboardgame|#카페 #보드게임카페 #카카오페이 #제로페이||//t1.kakaocdn.net/thumb/T800x0.q80/?fname=http%3A%2F%2Ft1.daumcdn.net%2Flocalfiy%2F5D5FADC8663845A8BC861B74A3A7F43F
동작구|530880623|모코커피|0.0|0건|서울 동작구 상도로30길 39||02-3280-2231||#커피전문점 #제로페이||
동작구|417165734|호이차 숭실대점|0.0|0건|서울 동작구 사당로 36|영업시간&월~금 11:30 ~ 20:00&토,일 11:30 ~ 18:00|||#카페 #카카오페이 #제로페이|메뉴 이름: 흑당밀크 (M) 가격: 3,800&메뉴 이름: 흑당버블티 (M) 가격: 3,800&메뉴 이름: 흑당커피 (M) 가격: 3,200&메뉴 이름: 블랙밀크티 (M) 가격: 1,900&메뉴 이름: 초코버블티 (M) 가격: 2,900|//t1.kakaocdn.net/thumb/T800x0.q80/?fname=http%3A%2F%2Ft1.daumcdn.net%2Fplace%2F0714EC84D0B94651BEA919DCB9F63216
동작구|20158451|레이지선데이|5.0|3건|서울 동작구 사당로26길 68 1층||02-584-0408||#카페 #제로페이||
동작구|480969008|자매커피|4.8|4건|서울 동작구 동작대로7길 55 1층|영업시간&화~일 10:00 ~ 19:30&휴무일&월요일|02-6369-2454|instagram.com/zamaecoffee|#카페 #제로페이|메뉴 이름: 아인슈페너(R) 가격: 4,500&메뉴 이름: 아메리카노(L) 가격: 2,500&메뉴 이름: 카페라떼(L) 가격: 3,000&메뉴 이름: 플레인요거트(L) 가격: 4,500&메뉴 이름: 레몬에이드(L) 가격: 3,500|//t1.kakaocdn.net/thumb/T800x0.q80/?fname=http%3A%2F%2Ft1.kakaocdn.net%2Ffiy_reboot%2Fplace%2F913ED05B446E410FB79F3148F63A8DA6
동작구|643290457|카페125|5.0|2건|서울 동작구 장승배기로 151||||#카페 #로스팅전문 #제로페이|메뉴 이름: 아메리카노 가격: 2,500&메뉴 이름: 카푸치노 가격: 3,000&메뉴 이름: 카페모카 가격: 3,000&메뉴 이름: 카페라떼 가격: 3,000&메뉴 이름: 연유라떼 가격: 3,000|//t1.kakaocdn.net/thumb/T800x0.q80/?fname=http%3A%2F%2Ft1.kakaocdn.net%2Ffiy_reboot%2Fplace%2F2793E8AEC6144F69B10E2858A7456159
동작구|127441830|마그마숲힐링카페 동작점|0.0|0건|서울 동작구 양녕로29길 56 1층|영업시간&매일 09:00 ~ 18:00|010-9084-9297|www.magmasup.com|#테마카페 #제로페이||//t1.kakaocdn.net/thumb/T800x0.q80/?fname=http%3A%2F%2Ft1.kakaocdn.net%2Ffiy_reboot%2Fplace%2F3A1435F08E6F46A9B3FB4E4A11E1F787
동작구|844532110|비비커피|4.6|7건|서울 동작구 동작대로13길 16-4 1층|영업시간&월~토 09:00 ~ 20:00&일 10:00 ~ 20:00&공휴일&10:00 ~ 20:00|070-7780-1090|instagram.com/bb.coffee|#카페 #골목카페 #사당골목카페 #유기농카스테라 #이수골목카페 #클래식디저트|메뉴 이름: 클래식 휘낭시에 가격: 2,500&메뉴 이름: 마들렌(브라우니, 레몬, 녹차) 가격: 3,200&메뉴 이름: 레몬 티케이크 가격: 3,800&메뉴 이름: 싱글브루잉(핸드드립) 가격: 3,500&메뉴 이름: 아메리카노(hot/iced) 가격: 3,000&메뉴 이름: 헤이즐넛 아메리카노 가격: 3,000&메뉴 이름: 카페라떼 가격: 3,500&메뉴 이름: 바닐라라떼 가격: 3,800&메뉴 이름: 카라멜 마끼아또 가격: 3,800&메뉴 이름: 헤이즐넛라떼 가격: 3,800&메뉴 이름: 홍차라떼 가격: 4,000&메뉴 이름: 자색고구마라떼 가격: 4,000&메뉴 이름: 초코라떼 가격: 4,000&메뉴 이름: 에이드(청포도,레드자몽,체리,레몬) 가격: 4,000&메뉴 이름: 카모마일 가격: 4,000&메뉴 이름: 타바론 루이보스 티 가격: 4,800&메뉴 이름: 과일티(레드자몽, 레몬) 가격: 4,000&메뉴 이름: 아몬드초코 스콘쿠키 가격: 3,500&메뉴 이름: 마카다미아초코 스콘쿠키 가격: 3,800&메뉴 이름: 바질스콘 가격: 3,800|//t1.kakaocdn.net/thumb/T800x0.q80/?fname=http%3A%2F%2Ft1.kakaocdn.net%2Fmystore%2F73D0456865724C8DBFAF1F7A0EC2B79F
동작구|18076508|까르페디엠|3.4|5건|서울 동작구 만양로14다길 4|관련 전화번호&02-6166-3679|02-825-3679||#커피전문점 #공부하기좋은 #로스팅전문 #제로페이|메뉴 이름: 아메리카노 가격: 3,000&메뉴 이름: 카페라떼 가격: 3,500&메뉴 이름: 청포도에이드 가격: 3,000&메뉴 이름: 코코넛스무디 (1shot) 가격: 4,400&메뉴 이름: 흑당라떼 가격: 3,700|
동작구|1807259785|더후드|0.0|0건|서울 동작구 상도로41가길 16 1층|영업시간&월~금 11:00 ~ 20:00&토,일 11:00 ~ 19:00&공휴일&11:00 ~ 19:00|02-3480-2223|thehood2224.modoo.at|#카페 #제로페이|메뉴 이름: 아메리카노 가격: 3,000&메뉴 이름: 카페라테 가격: 4,000|
동작구|832667752|브라운필투|5.0|6건|서울 동작구 상도로37길 72 지하1층||02-817-8251||#카페 #비건베이커리||
동작구|1957592264|카페빈|5.0|3건|서울 동작구 강남초등길 10 1층||010-2790-3198||#카페 #제로페이|메뉴 이름: 카라멜 마키아또 가격: 3,800&메뉴 이름: 아메리카노 Takeout 가격: 2,000&메뉴 이름: 카페라떼 Takeout 가격: 2,500&메뉴 이름: 레몬청에이드 가격: 5,000|
동작구|1459626486|더카페 동작상도점|3.0|4건|서울 동작구 양녕로26길 24 1층|||www.thecaffe.co.kr|#커피전문점 #제로페이||
동작구|432600199|더벤티 성대시장점|1.0|1건|서울 동작구 국사봉1길 33 1층|영업시간&매일 08:30 ~ 22:00|02-813-3456|www.theventi.co.kr|#커피전문점 #카카오페이 #제로페이||
동작구|2027199408|카페게이트 신대방점|1.0|1건|서울 동작구 신대방1가길 38 1층||02-3289-1919||#카페 #제로페이||
동작구|1121089011|더치앤빈 보라매타운점|3.0|2건|서울 동작구 신대방동 395-73 제108-2호|영업시간&월~금 07:00 ~ 21:00&토,일 09:00 ~ 21:00|02-843-0222||#카페 #제로페이|메뉴 이름: 아메리카노 가격: 2,800&메뉴 이름: 큐브라떼 가격: 4,300&메뉴 이름: 더치커피 가격: 3,500&메뉴 이름: 연유라떼 가격: 3,800|
동작구|14533240|카페톡|5.0|5건|서울 동작구 노량진로14길 25|관련 전화번호&070-7723-1130|02-811-1130||#카페 #제로페이||
동작구|1344668034|커피중독|5.0|3건|서울 동작구 동작대로7길 65||||#카페 #제로페이|메뉴 이름: 아메리카노 가격: 3,000&메뉴 이름: 카페라떼 가격: 3,500&메뉴 이름: 그린티 가격: 4,000&메뉴 이름: 얼그레이 가격: 4,000&메뉴 이름: 블루레몬에이드 가격: 4,000|//t1.kakaocdn.net/thumb/T800x0.q80/?fname=http%3A%2F%2Ft1.daumcdn.net%2Fplace%2FB8E2F6BDE0F04DCE8AA85E647FFDA203
동작구|458828394|아마스빈 중앙대점|3.8|5건|서울 동작구 흑석로 88 102호||02-6407-7100|www.amasvin.com|#카페 #카카오페이 #제로페이||
동작구|20627912|맨인블랙|5.0|2건|서울 동작구 만양로14길 45|영업시간&월~토 07:00 ~ 20:00&일 08:00 ~ 16:00&휴무일&첫째 일요일||www.instagram.com/mib_coffee|#카페 #제로페이||
동작구|23923092|더블샷|4.8|5건|서울 동작구 노량진로14길 18||||#카페 #제로페이||
동작구|904403402|피숑|5.0|3건|서울 동작구 만양로14길 35 1층|영업시간&월~토 10:00 ~ 20:00&휴무일&일요일&이용시 주의 사항&휴무|010-2332-7747||#카페 #감성카페 #제로페이|메뉴 이름: 아메리카노 가격: 2,500&메뉴 이름: 카페라떼 가격: 3,000&메뉴 이름: 크림라떼 가격: 4,000|
동작구|813540441|흑화당 이수역점|5.0|2건|서울 동작구 동작대로 89 골든시네타워 1층|영업시간&매일 10:00 ~ 22:00||www.heukhwadang.com|#카페 ||//t1.kakaocdn.net/thumb/T800x0.q80/?fname=http%3A%2F%2Ft1.daumcdn.net%2Fplace%2FEE9D6B4CF9A34A2191B714301C7DECCE
동작구|21423616|금성다방|0.0|0건|서울 동작구 사당로23길 2||||#다방 ||
동작구|1778151002|빽다방 숭실대점|5.0|2건|서울 동작구 사당로 10||||#카페 #카카오페이 #제로페이||
동작구|25702438|요거프레소 중앙대점|5.0|2건|서울 동작구 흑석로8길 1 1층|영업시간&매일 09:00 ~ 22:00|02-6120-7670|www.yogerpresso.co.kr|#디저트카페 #카카오페이 #제로페이||
동작구|14704603|빅토리아가든|5.0|1건|서울 동작구 매봉로 51 1층||||#카페 #제로페이||//t1.kakaocdn.net/thumb/T800x0.q80/?fname=http%3A%2F%2Ft1.daumcdn.net%2Flocalfiy%2F9EC9EAC5D2E24FF3BC0FF8AE5B83D7E0
동작구|1087437089|블루브릭|5.0|1건|서울 동작구 만양로8길 69 1층||||#카페 #제로페이||//t1.kakaocdn.net/thumb/T800x0.q80/?fname=http%3A%2F%2Ft1.daumcdn.net%2Fplace%2FA2A34FF637C641EF90B80CAA334184FA
동작구|1860626210|카페아데네|3.7|6건|서울 동작구 여의대방로22가길 11|영업시간&매일 08:00 ~ 21:00|02-825-3503||#카페 #제로페이||
동작구|2138584250|당신의 오늘|5.0|7건|서울 동작구 동작대로15길 24-9 1층|영업시간&월~토 10:00 ~ 19:00|010-9313-0812|instagram.com/yourtoday_coffee|#커피전문점 #바게트 #사당역카페 #사당카페 #이수역카페 #이수카페|메뉴 이름: 아메리카노 가격: 3,800&메뉴 이름: 써드라떼 가격: 5,000|//t1.kakaocdn.net/thumb/T800x0.q80/?fname=http%3A%2F%2Ft1.kakaocdn.net%2Fmystore%2FB2FFA5FEAD3A4B77A83522E570D118C9
동작구|20634957|상록|0.0|0건|서울 동작구 장승배기로 71||02-822-9554||#다방 ||
동작구|2125053065|니토 커피 랩(NEATO COFFEE LAB.)|5.0|2건|서울 동작구 여의대방로22길 54||||#카페 #로스팅전문|메뉴 이름: 에소프레소 가격: 1,500&메뉴 이름: 아포카토 가격: 3,000&메뉴 이름: 아메리카노 가격: 2,500&메뉴 이름: 카페라떼 가격: 3,000&메뉴 이름: 바나나크레페 가격: 4,000|
동작구|764200083|띠아모커피 노량진메가스터디점|3.0|2건|서울 동작구 노량진로 140 메가스터디 타워1층||02-812-6776|www.ti-amocoffee.co.kr|#커피전문점 ||
동작구|578451427|젠(ZEN)|0.0|0건|서울 동작구 양녕로26길 49||||#카페 #카카오페이 #제로페이||
동작구|1337075525|심야커피 사당본점|0.0|0건|서울 동작구 동작대로11길 104|영업시간&매일 00:00 ~ 24:00|||#무인카페 #무인카페||
동작구|1965899620|비타민카페 노량진점|5.0|1건|서울 동작구 노량진로8길 18 1층||02-871-4128|www.vitamin-cafe.com|#생과일전문점 #카카오페이 #제로페이|메뉴 이름: 아메리카노 가격: 2,000&메뉴 이름: 카페라떼 가격: 3,000&메뉴 이름: 오곡라떼 가격: 3,000&메뉴 이름: 밀크버블티 가격: 4,300&메뉴 이름: 레몬에이드 가격: 2,500|//t1.kakaocdn.net/thumb/T800x0.q80/?fname=http%3A%2F%2Ft1.daumcdn.net%2Flocalfiy%2Fsearchregister_1006911750
동작구|20533006|황금커피숖|0.0|0건|서울 동작구 노량진로 234||02-815-2603||#다방 ||
동작구|15680260|쉬어가는 모퉁이커피한잔|5.0|1건|서울 동작구 상도로55길 1||070-8982-5796||#커피전문점 #제로페이||
동작구|17221462|블랙조이커피|5.0|3건|서울 동작구 상도로67길 31||02-817-4080||#커피전문점 #제로페이|메뉴 이름: 아메리카노 가격: 3,500&메뉴 이름: 카페라떼 가격: 4,000&메뉴 이름: 화이트 초코 가격: 4,500&메뉴 이름: 핫초코 가격: 4,500&메뉴 이름: 딸기 주스 가격: 5,500|//t1.kakaocdn.net/thumb/T800x0.q80/?fname=http%3A%2F%2Ft1.daumcdn.net%2Flocalfiy%2F2B9B9D4093D74229B069092FDA8C8123
동작구|1629174162|워너커피 남성역점|4.5|2건|서울 동작구 사당로13길 15||070-8886-3699||#카페 #제로페이|메뉴 이름: 에스프레소 가격: 3,500&메뉴 이름: 아메리카노 가격: 3,500&메뉴 이름: 카페라떼 가격: 4,000&메뉴 이름: 레몬티 가격: 5,000&메뉴 이름: 바나나주스 가격: 4,500|//t1.kakaocdn.net/thumb/T800x0.q80/?fname=http%3A%2F%2Ft1.daumcdn.net%2Flocalfiy%2F130110E9462944F5908C3C33F0BF0481
동작구|1175241641|카페더그레이|5.0|1건|서울 동작구 동작대로3길 35 1층||||#카페 |메뉴 이름: 과일스무디 가격: 3,800&메뉴 이름: 후레쉬에이드 가격: 4,200&메뉴 이름: 아메리카노 가격: 3,000&메뉴 이름: 카페라떼 가격: 3,500&메뉴 이름: 바닐라 그레이치노 가격: 4,200|
동작구|2109405597|카페왓송|5.0|1건|서울 동작구 사당로28길 51|영업시간&월,수,목,금,토,일 10:00 ~ 20:00||www.instagram.com/cafe_whatsong|#카페 #제로페이||//t1.kakaocdn.net/thumb/T800x0.q80/?fname=http%3A%2F%2Ft1.daumcdn.net%2Flocalfiy%2F36CE2D4D543145C6A2949AA5B97B99FA
동작구|192724523|오갈미|5.0|11건|서울 동작구 상도로50길 9 1층|영업시간&화~토 10:00 ~ 20:00|02-813-5532|instagram.com/oh_galmi|#디저트카페 #디저트카페 #제로페이||//t1.kakaocdn.net/thumb/T800x0.q80/?fname=http%3A%2F%2Ft1.daumcdn.net%2Fplace%2FCE4BBD31856A4CAEAD287753ACA2C7C8
동작구|2084450136|카페드림 중앙대학교310관점|3.7|3건|서울 동작구 흑석로 84 1층|||www.cafedream.co.kr|#커피전문점 ||
동작구|10332428|모아다방|0.0|0건|서울 동작구 장승배기로 139||||#다방 ||
동작구|21331853|벅스피즈|0.0|0건|서울 동작구 동작대로 7||02-588-0150||#커피전문점 #제로페이||
동작구|1909148188|도노텀블|5.0|1건|서울 동작구 상도로 127||02-3280-5448||#카페 #제로페이||
동작구|739143776|쥬씨 국사봉점|0.0|0건|서울 동작구 양녕로 193|||www.no1juicy.com|#생과일전문점 #제로페이||
동작구|80257393|랄프|5.0|1건|서울 동작구 동작대로25길 34||||#카페 #제로페이||
동작구|1604606613|바나프레소 보라매역점|0.0|0건|서울 동작구 여의대방로 140||||#카페 ||
동작구|16332745|커피스토리|3.0|1건|서울 동작구 만양로14길 51||02-815-9109||#커피전문점 |메뉴 이름: 카페라떼 가격: 1,900&메뉴 이름: 카푸치노 가격: 2,500&메뉴 이름: 카라멜마끼아또 가격: 2,800&메뉴 이름: 유자차 가격: 2,000&메뉴 이름: 녹차라떼 가격: 1,900|//t1.kakaocdn.net/thumb/T800x0.q80/?fname=http%3A%2F%2Ft1.daumcdn.net%2Flocalfiy%2F4F13EA36EA0F4D6AAD9D59485A06A471
동작구|1662245010|엘리스앤안나|0.0|0건|서울 동작구 흑석한강로 27 흑석푸르지오아파트 106동상가 B203호|||pf.kakao.com/_dmyzK|#키즈카페 #제로페이||//t1.kakaocdn.net/thumb/T800x0.q80/?fname=http%3A%2F%2Ft1.kakaocdn.net%2Ffiy_reboot%2Fplace%2FAF0AFC975FFF4A3FA12F95ED0818AB58
동작구|479366931|카페트리니티|5.0|3건|서울 동작구 동작대로11길 58||||#카페 #제로페이||
동작구|1689417269|아마스빈 이수역점|4.5|2건|서울 동작구 동작대로27길 12||02-534-9888|www.amasvin.com|#카페 #카카오페이||
동작구|1192151500|용용커피|0.0|0건|서울 동작구 사당로 166 1층 101호|영업시간&매일 08:00 ~ 22:00|02-6146-3456|www.instagram.com/yongyongcoffee/?igshid=dfkccgf446g2|#커피전문점 #카카오페이 #제로페이|메뉴 이름: 에스프레소 가격: 2,000&메뉴 이름: 아메리카노 가격: 3,000&메뉴 이름: 카페라떼 가격: 3,500&메뉴 이름: 연유라떼 가격: 4,000&메뉴 이름: 콜드브루 가격: 4,000|//t1.kakaocdn.net/thumb/T800x0.q80/?fname=http%3A%2F%2Ft1.daumcdn.net%2Fplace%2F727BB504992B4991B1A67D099196C7C5
동작구|4081942|차얌 노량진점|4.3|4건|서울 동작구 노량진로16길 27|||www.chayam.co.kr|#카페 #제로페이||//t1.kakaocdn.net/thumb/T800x0.q80/?fname=http%3A%2F%2Ft1.daumcdn.net%2Fplace%2F31DF5A076B284DB2AC25ADDC69405F09
동작구|1020417882|커피브라운|5.0|2건|서울 동작구 양녕로 269-1 2층|영업시간&매일 10:00 ~ 22:00|070-4111-5252||#카페 #고즈넉한 #분위기좋은 #힐링카페 #제로페이|메뉴 이름: 아메리카노 가격: 3,000&메뉴 이름: 카페라떼(HOT) 가격: 3,500&메뉴 이름: 복숭아아이스티 가격: 3,500&메뉴 이름: 유자차 가격: 4,000&메뉴 이름: 레몬에이드 가격: 4,500|//t1.kakaocdn.net/thumb/T800x0.q80/?fname=http%3A%2F%2Ft1.daumcdn.net%2Fplace%2F7ED1F5AD6EBE49D984964CC97D1B7A9B
동작구|1466108122|카페하랑|0.0|0건|서울 동작구 상도로 140||||#카페 ||
동작구|23284577|장미커피숍|0.0|0건|서울 동작구 동작대로35길 13||||#다방 ||
동작구|15925734|갓프레소|5.0|3건|서울 동작구 상도로53길 45 101호||02-812-6860|www.godpresso.co.kr|#커피전문점 ||//t1.kakaocdn.net/thumb/T800x0.q80/?fname=http%3A%2F%2Ft1.daumcdn.net%2Flocalfiy%2FE073991F0F4E47B088072DAFDCBAC490
동작구|2036048482|컴포즈커피 남성역점|2.3|3건|서울 동작구 사당로 215|영업시간&월~토 07:00 ~ 23:00&일 08:00 ~ 23:00|02-592-1900|www.composecoffee.com|#커피전문점 #제로페이||
동작구|27264628|미니타이야끼 노량진|5.0|3건|서울 동작구 만양로14길 60||||#디저트카페 #제로페이|메뉴 이름: 커스터드 (8개) 가격: 2,500&메뉴 이름: 커스터드 (12개) 가격: 3,500&메뉴 이름: 단팥 (8개) 가격: 2,500&메뉴 이름: 단호박 (8개) 가격: 2,500&메뉴 이름: 고구마 (8개) 가격: 2,500|//t1.kakaocdn.net/thumb/T800x0.q80/?fname=http%3A%2F%2Ft1.daumcdn.net%2Fplace%2FF6DFE931F4644562BFEDC0D891A3F357
동작구|16074192|굿데이커피|1.5|4건|서울 동작구 노량진로 256||02-824-1666||#커피전문점 ||
동작구|10531362|신광다방|0.0|0건|서울 동작구 여의대방로24길 52||||#다방 ||
동작구|2036098755|카페 테디(CAFE TEDDY)|5.0|4건|서울 동작구 국사봉길 83||||#카페 #제로페이||
동작구|771203609|카페 포레스트|4.5|10건|서울 동작구 국사봉길 13|영업시간&매일 09:00 ~ 20:10||www.instagram.com/for__rest___|#카페 #제로페이|메뉴 이름: 아메리카노 가격: 3,500&메뉴 이름: 카페라떼 가격: 4,000|
동작구|24839469|하지커피|0.0|0건|서울 동작구 국사봉길 30||02-815-7785||#커피전문점 #제로페이||
동작구|1657518799|amampick.sadang 아맘사당|4.0|3건|서울 동작구 사당로2차길 27 1층|영업시간&월~목 11:00 ~ 20:00&휴무일&금,토,일요일|02-522-8651|www.instagram.com/amam.cafe|#카페 #제로페이|메뉴 이름: 아맘 오트밀 그린 가격: 3,900&메뉴 이름: 아맘 프로틴쉐이크 가격: 4,800&메뉴 이름: 자몽에이드 가격: 4,800&메뉴 이름: 생과일주스 가격: 4,800&메뉴 이름: 그린스무디 가격: 4,800&메뉴 이름: 햄 치즈 샌드위치 가격: 3,500&메뉴 이름: 쉬림프 바질 샌드위치 가격: 4,500&메뉴 이름: 아보카도 샌드위치 가격: 4,500&메뉴 이름: 에그 애플 샌드위치 가격: 4,500&메뉴 이름: 클래식 핫도그 가격: 3,500&메뉴 이름: 나쵸 살사 핫도그 가격: 3,500&메뉴 이름: 연어 아보카도 샐러드 가격: 6,900&메뉴 이름: 닭가슴살 아스파라거스 샐러드 가격: 5,900&메뉴 이름: 버섯 그릴드콘 핼러드 가격: 5,900&메뉴 이름: 단호박 선드라이토마토 샐러드 가격: 5,900&메뉴 이름: 배치브루 가격: 2,800&메뉴 이름: 콜드브루픽 가격: 3,900&메뉴 이름: 콜드브루디카페인 가격: 4,300&메뉴 이름: 콜드브루소월 가격: 4,300|//t1.kakaocdn.net/thumb/T800x0.q80/?fname=http%3A%2F%2Ft1.kakaocdn.net%2Ffiy_reboot%2Fplace%2F8B243EE10BB24ABCA969AFD50FAC1B54
동작구|1900211973|엘에스와이커피|5.0|6건|서울 동작구 양녕로 186||02-813-0615||#커피전문점 #제로페이||
동작구|666132863|스타카롱|5.0|1건|서울 동작구 노량진로6길 22 1층|영업시간&월~토 09:00 ~ 18:00&휴무일&일요일&이용시 주의 사항&설날, 추석 연휴 휴무|0507-1384-1066||#디저트카페 #감성카페 #디저트카페 #카카오페이 #제로페이|메뉴 이름: 아메리카노 가격: 3,000&메뉴 이름: 카페라떼 가격: 3,500&메뉴 이름: 연유라떼 가격: 5,500&메뉴 이름: 바닐라빈라떼 가격: 4,500&메뉴 이름: 흑임자라떼 가격: 6,000|//t1.kakaocdn.net/thumb/T800x0.q80/?fname=http%3A%2F%2Ft1.kakaocdn.net%2Ffiy_reboot%2Fplace%2F473E280832A04CC4850BF598E1D430BE
동작구|16768747|커피인더스터디|5.0|1건|서울 동작구 만양로3길 20|영업시간&매일 09:55 ~ 23:00|||#커피전문점 #제로페이|메뉴 이름: 아메리카노 가격: 3,500&메뉴 이름: 카페라떼 가격: 4,000&메뉴 이름: 깔루아 밀크 가격: 4,800&메뉴 이름: 자몽쥬스 가격: 4,000&메뉴 이름: 유자차 가격: 3,500|//t1.kakaocdn.net/thumb/T800x0.q80/?fname=http%3A%2F%2Ft1.kakaocdn.net%2Ffiy_reboot%2Fplace%2F0EC600B03B8742A5BD7669D52E02F58A
동작구|21295478|커피향기|1.0|1건|서울 동작구 상도로 331||02-2654-4673|m.coffeehyanggi.co.kr|#커피전문점 #분위기좋은 #앤틱한 #핸드드립전문점 #제로페이|메뉴 이름: 아메리카노(HOT) 가격: 2,800&메뉴 이름: 카페라떼(HOT) 가격: 3,500&메뉴 이름: 밀크티(HOT) 가격: 3,500&메뉴 이름: 페리에 가격: 3,000&메뉴 이름: 녹차 프라푸치노 가격: 4,500|
동작구|1750691126|체리블라썸|4.0|1건|서울 동작구 동작대로 43 3층|영업시간&월~토 10:30 ~ 21:00|02-587-3584||#카페 #데이트코스 #디저트카페 #분위기좋은 #제로페이|메뉴 이름: 아메리카노 가격: 3,500&메뉴 이름: 카페라떼 가격: 4,000&메뉴 이름: 바닐라라떼 가격: 4,500&메뉴 이름: 수제 자몽에이드 가격: 5,500&메뉴 이름: 블라썸 커피(아인슈페너) 가격: 5,500&메뉴 이름: 딸기 티라미수 가격: 6,000&메뉴 이름: 카야 치즈 토스트 가격: 4,000&메뉴 이름: 핑크블라썸 에이드 가격: 5,500|//t1.kakaocdn.net/thumb/T800x0.q80/?fname=http%3A%2F%2Ft1.daumcdn.net%2Fplace%2F94F5707DF2344468B3D51A9AD47CD4C2
동작구|753103414|카페사당동|2.0|1건|서울 동작구 사당로20길 70 1층||02-523-6901||#카페 #제로페이|메뉴 이름: 챔프커피 가격: 4,000|//t1.kakaocdn.net/thumb/T800x0.q80/?fname=http%3A%2F%2Ft1.daumcdn.net%2Flocalfiy%2Fsearchregister_1587735438
동작구|1011173628|디어달링|5.0|3건|서울 동작구 만양로14가길 10 1층||||#카페 #스터디카페 #제로페이|메뉴 이름: 코코넛라떼 가격: 4,000&메뉴 이름: 수제딸기라떼 가격: 3,500&메뉴 이름: 자몽차 가격: 3,000&메뉴 이름: 민트초코 라떼 가격: 3,300&메뉴 이름: 수제딸기요거트스무디 가격: 5,500|
동작구|1668560230|라임플레쉬카페|5.0|5건|서울 동작구 서달로 132 1층|영업시간&화~일 08:00 ~ 20:30&휴무일&월요일|02-812-4414||#카페 #제로페이|메뉴 이름: 카페라떼(HOT) 가격: 4,500&메뉴 이름: 바닐라라떼(HOT) 가격: 4,500&메뉴 이름: 블루베리라떼(HOT) 가격: 4,500&메뉴 이름: 녹차라뗴(HOT) 가격: 4,500&메뉴 이름: 초코라뗴(HOT) 가격: 5,000|
동작구|17675390|비온후|0.0|0건|서울 동작구 현충로 115|영업시간&월~금 08:30 ~ 21:30&토,일 10:00 ~ 21:00&휴무일&연중무휴|02-825-7743||#커피전문점 #제로페이|메뉴 이름: 아메리카노 가격: 3,000&메뉴 이름: 카라멜마끼아또 가격: 4,000&메뉴 이름: 카페라떼 가격: 3,500&메뉴 이름: 카페모카 가격: 4,500|//t1.kakaocdn.net/thumb/T800x0.q80/?fname=http%3A%2F%2Ft1.daumcdn.net%2Fcfile%2F1550C33C500DFDC713
동작구|21526043|타타|5.0|1건|서울 동작구 사당로 175||02-595-5123||#카페 #제로페이||
동작구|827499554|기프트|0.0|0건|서울 동작구 흑석한강로 2 흑석한강센트레빌 상가동 108호||||#디저트카페 #제로페이||
동작구|521416404|카페힐|5.0|1건|서울 동작구 만양로2길 16 1층||||#카페 #제로페이||
동작구|15921064|책읽는고양이|4.0|1건|서울 동작구 서달로10길 7||||#고양이카페 ||
동작구|65360598|다 카페|5.0|5건|서울 동작구 흑석로 114-1 1층|영업시간&매일 09:30 ~ 21:30||www.instagram.com/cafe_da_takeout|#카페 #제로페이|메뉴 이름: 아메리카노 가격: 1,500&메뉴 이름: 달달커피 가격: 2,400&메뉴 이름: 카페라떼 가격: 2,200&메뉴 이름: 카페모카 가격: 2,400&메뉴 이름: 바닐라라떼 가격: 2,200&메뉴 이름: 카라멜라떼 가격: 2,500&메뉴 이름: 모카라떼 가격: 2,900&메뉴 이름: 베리딸기 가격: 2,800&메뉴 이름: 녹차라떼 가격: 2,800&메뉴 이름: 초코밀크 가격: 2,500&메뉴 이름: 오곡미숫가루 가격: 2,500&메뉴 이름: 블루레몬에이드 가격: 2,500&메뉴 이름: 자몽블랙티 가격: 2,700&메뉴 이름: 에그타르트 가격: 1,500&메뉴 이름: 다쿠아즈 가격: 2,000&메뉴 이름: 머핀 가격: 1,500|//t1.kakaocdn.net/thumb/T800x0.q80/?fname=http%3A%2F%2Ft1.kakaocdn.net%2Ffiy_reboot%2Fplace%2FC9F9961B873F4A5999122A51D6A5A6B0
동작구|2089527756|ABCDE카페|0.0|0건|서울 동작구 여의대방로22길 38 1층|영업시간&월~금 08:00 ~ 19:00&토 10:00 ~ 19:00|02-812-2146||#카페 #로스팅전문 #제로페이|메뉴 이름: 아메리카노(HOT) 가격: 2,500&메뉴 이름: 카페라떼(HOT) 가격: 3,000&메뉴 이름: 딸기바나나쥬스 가격: 4,500&메뉴 이름: 청포도에이드 가격: 4,500&메뉴 이름: 레몬에이드 가격: 4,500|//t1.kakaocdn.net/thumb/T800x0.q80/?fname=http%3A%2F%2Ft1.kakaocdn.net%2Ffiy_reboot%2Fplace%2F5FC8D8B98C534331979F42E9B237D6DE
동작구|1342464653|봉명동 내커피|5.0|3건|서울 동작구 성대로39길 2||070-8656-3459||#커피전문점 #제로페이||
동작구|758269899|셀렉토커피 남성역점|1.0|1건|서울 동작구 사당로16길 7|영업시간&매일 10:00 ~ 22:00|02-582-0815|www.selecto.co.kr|#커피전문점 #제로페이||
동작구|1710949672|로뎀마카롱|4.0|1건|서울 동작구 현충로 96-1|||instagram.com/rodem_macaron|#디저트카페 ||
동작구|27188480|명진다방|0.0|0건|서울 동작구 장승배기로 159||||#다방 ||
동작구|651792658|로즈커피|5.0|1건|서울 동작구 대방동23길 36||||#카페 #제로페이|메뉴 이름: 아메리카노 가격: 3,000&메뉴 이름: 카페라떼 가격: 3,500&메뉴 이름: 그린티라떼 가격: 4,000&메뉴 이름: 복숭아아이스티 가격: 3,000&메뉴 이름: 케이크 가격: 5,500|//t1.kakaocdn.net/thumb/T800x0.q80/?fname=http%3A%2F%2Ft1.daumcdn.net%2Fplace%2F9C25BFCC6EC7406C8C846B6657D6489C
동작구|21542073|원추|5.0|4건|서울 동작구 노량진로 184||02-812-7366||#커피전문점 #제로페이||
동작구|24018517|동네카페 고커피|4.2|5건|서울 동작구 양녕로28길 22|영업시간&화~토 09:00 ~ 19:00&휴무일&월,일요일|||#카페 #제로페이|메뉴 이름: 꼰빠냐 가격: 3,500&메뉴 이름: 고커피(hot) 가격: 3,300&메뉴 이름: 카푸치노 가격: 3,800&메뉴 이름: 레몬에이드 가격: 4,500&메뉴 이름: 요거트스무디 가격: 3,800|//t1.kakaocdn.net/thumb/T800x0.q80/?fname=http%3A%2F%2Ft1.kakaocdn.net%2Ffiy_reboot%2Fplace%2FECC1656F79F441628578728A61BAB65B
동작구|1334460509|매머드익스프레스 남성점|5.0|8건|서울 동작구 사당로16길 12 1층|영업시간&월~토 08:00 ~ 22:00&일 09:00 ~ 22:00|||#카페 #제로페이||
동작구|522865525|문커피|5.0|11건|서울 동작구 상도로47가길 48||||#카페 #제로페이||
동작구|24375297|브런치 카페|0.0|0건|서울 동작구 만양로14길 21||||#카페 ||
동작구|21243016|쉴만한물가|0.0|0건|서울 동작구 노량진로30길 12||02-813-1946||#커피전문점 ||
동작구|16938404|르샤|0.0|0건|서울 동작구 만양로18길 10||02-822-0560||#카페 ||
동작구|1251529580|오늘의커피|5.0|2건|서울 동작구 동작대로 37 1층||||#커피전문점 #제로페이|메뉴 이름: ㅇㅋ리카노 (ICE) 가격: 3,500&메뉴 이름: ㅇㅋ라떼 (ICE) 가격: 4,500&메뉴 이름: ㅇㅋ프라페 (ICE) 가격: 4,500&메뉴 이름: ㅇㅋ주스티 (ICE) 가격: 3,900&메뉴 이름: 아메리카노 가격: 2,500&메뉴 이름: 카페라떼 가격: 3,500|//t1.kakaocdn.net/thumb/T800x0.q80/?fname=http%3A%2F%2Ft1.daumcdn.net%2Fplace%2FA6B24AC2ED8C4042B6E99CF2B2569086
동작구|16740623|커피자리|3.0|2건|서울 동작구 노량진로 162||02-831-2288||#커피전문점 #제로페이|메뉴 이름: 아메리카노 가격: 1,200&메뉴 이름: 카페라떼 가격: 2,000&메뉴 이름: 리얼초코라떼 가격: 2,300&메뉴 이름: 플레인요거트 가격: 3,500&메뉴 이름: 레몬에이드 가격: 2,500|
동작구|173590797|카페마루|0.0|0건|서울 동작구 상도로30길 8||||#카페 #제로페이|메뉴 이름: 아메리카노 가격: 2,000&메뉴 이름: 카페라떼 가격: 3,000&메뉴 이름: 카푸치노 가격: 3,500&메뉴 이름: 아이스티 가격: 2,500&메뉴 이름: 수제 자몽차 가격: 3,000|//t1.kakaocdn.net/thumb/T800x0.q80/?fname=http%3A%2F%2Ft1.daumcdn.net%2Fplace%2F4B5C4E13D0704C21A924A83BD9D69E4F
동작구|938896804|샌드뱅크|4.4|7건|서울 동작구 사당로14길 38|영업시간&화~일 10:00 ~ 21:00&화~일 라스트오더 ~ 20:30&휴무일&월요일||www.instagram.com/sandbank_coffee|#카페 #감성카페 #이국적인 #제로페이||
동작구|1795658766|오카페 흑석점|5.0|1건|서울 동작구 서달로14라길 29||02-825-1480||#카페 #제로페이||
동작구|19666808|즐거운커피|5.0|2건|서울 동작구 장승배기로 112|영업시간&월~토 10:30 ~ 18:00|||#카페 #제로페이|메뉴 이름: 아메리카노 (HOT) 가격: 2,500&메뉴 이름: 카페라떼 (HOT) 가격: 3,000&메뉴 이름: 딸기스무디 가격: 4,000&메뉴 이름: 녹차라떼 (HOT) 가격: 3,500&메뉴 이름: 아이스티 가격: 3,000&메뉴 이름: 스페셜티블랜딩 드립 가격: 4,800|
동작구|1843689929|와플마레|5.0|2건|서울 동작구 보라매로3길 29 해태보라매타워 1층 16,17호||02-842-3535||#디저트카페 #제로페이|메뉴 이름: 아메리카노 가격: 1,500&메뉴 이름: 카페라떼 가격: 2,500&메뉴 이름: 국화차 가격: 2,500&메뉴 이름: 프레인 가격: 2,200&메뉴 이름: 초콜릿 가격: 3,200|//t1.kakaocdn.net/thumb/T800x0.q80/?fname=http%3A%2F%2Ft1.daumcdn.net%2Fplace%2FD721B01237B14DC59CA3E52E5A281C21
동작구|1585000832|요거트월드 신대방점|0.0|0건|서울 동작구 신대방1가길 38||||#디저트카페 ||
동작구|27404016|올어바웃커피|0.0|0건|서울 동작구 성대로1길 18-28||||#커피전문점 ||
동작구|557933624|소올산방|0.0|0건|서울 동작구 동작대로23길 15 2층||||#카페 #이색카페 #카카오페이 #제로페이||
동작구|21611227|달콩커피|3.0|2건|서울 동작구 상도로37길 77||||#커피전문점 #카카오페이 #제로페이||
동작구|1981903487|커피가맛있는집 남성역점|4.0|1건|서울 동작구 사당로16길 36 1층||02-3280-0876||#커피전문점 #제로페이||//t1.kakaocdn.net/thumb/T800x0.q80/?fname=http%3A%2F%2Ft1.daumcdn.net%2Flocalfiy%2FDF5047EAC13E4F8882F32B7412738E21
동작구|1535754401|THANK YOU COFFEE(땡큐커피)|0.0|0건|서울 관악구 보라매로5길 5||02-847-4909||#커피전문점 #제로페이||
동작구|775742157|오티움로스터리|3.7|3건|서울 동작구 양녕로 279 1층||||#카페 #카카오페이||//t1.kakaocdn.net/thumb/T800x0.q80/?fname=http%3A%2F%2Ft1.kakaocdn.net%2Ffiy_reboot%2Fplace%2F1C5FF8C6FAB2412D86F03C646AA7D4D4
동작구|720502460|아이에이트팜에이트|0.0|0건|서울 동작구 상도로 지하 272 상도역 지하 1층|||blog.naver.com/farm8_|#카페 #샐러드카페 #제로페이|메뉴 이름: 아메리카노 가격: 2,500&메뉴 이름: 카페라떼 가격: 3,500&메뉴 이름: 그린주스 가격: 3,000&메뉴 이름: 망고그린주스 가격: 3,500&메뉴 이름: 깔라만시 레몬에이드 가격: 3,300|//t1.kakaocdn.net/thumb/T800x0.q80/?fname=http%3A%2F%2Ft1.daumcdn.net%2Fplace%2F7BFBBDF939494E89BCCC97C1D0DD0937
동작구|54411360|마르디|0.0|0건|서울 동작구 장승배기로 56 1층|영업시간&월~금 10:00 ~ 19:30&토 11:30 ~ 18:00||www.instagram.com/cafe_mardi|#카페 |메뉴 이름: 아메리카노 가격: 3,000&메뉴 이름: 카페라떼 가격: 3,800&메뉴 이름: 스카치바닐라 가격: 4,800&메뉴 이름: 로얄밀크티 가격: 5,000&메뉴 이름: 생자몽에이드 가격: 6,000|//t1.kakaocdn.net/thumb/T800x0.q80/?fname=http%3A%2F%2Ft1.daumcdn.net%2Fplace%2F9D149673370544B386E9C6013E5AF10C
동작구|701292191|커피나무 신상도점|5.0|1건|서울 동작구 양녕로 182 1층||02-812-7476||#카페 #제로페이|메뉴 이름: 아메리카노 가격: 3,300&메뉴 이름: 카페라떼 가격: 3,800|
동작구|559587060|더카페 이수역점|0.0|0건|서울 동작구 동작대로29길 77||02-534-8045|www.thecaffe.co.kr|#커피전문점 #제로페이||
동작구|1556765484|24시무인셀프카페 사당점|0.0|0건|서울 동작구 동작대로35길 21|영업시간&매일 06:00 ~ 24:00||blog.naver.com/jskim1057/222454361229|#카페 #24시간카페 #무인카페 #카카오페이 #제로페이|메뉴 이름: 아메리카노 가격: 1,300&메뉴 이름: 아이스 아메리카노 가격: 1,700&메뉴 이름: 아이스 연한 아메리카노 가격: 1,700&메뉴 이름: 카페라떼 가격: 2,200&메뉴 이름: 아이스 카페라떼 가격: 2,200&메뉴 이름: 카페모카 가격: 2,200&메뉴 이름: 아이스 카페모카 가격: 2,200&메뉴 이름: 바닐라라떼 가격: 2,200&메뉴 이름: 아이스 바닐라라떼 가격: 2,200&메뉴 이름: 핫초코 가격: 2,200&메뉴 이름: 아이스초코 가격: 2,200&메뉴 이름: 복숭아 아이스티 가격: 2,000&메뉴 이름: 청포도 아이스티 가격: 2,200&메뉴 이름: 블루베리 아이스티 가격: 2,200&메뉴 이름: 내추럴 마카롱 가격: 1,500&메뉴 이름: 미꼬 마카롱 가격: 2,000&메뉴 이름: 포항 뚱카롱 가격: 2,300|//t1.kakaocdn.net/thumb/T800x0.q80/?fname=http%3A%2F%2Ft1.kakaocdn.net%2Ffiy_reboot%2Fplace%2FA301DA10F33449518A4C2B33A3227C76
동작구|1023567033|다숲북카페|0.0|0건|서울 동작구 동작대로27가길 14 3층||||#북카페 #북카페||
동작구|836320958|카페프랑|5.0|2건|서울 동작구 동작대로35가길 9 1층 2호|영업시간&매일 10:00 ~ 22:00||www.instagram.com/cafe_f_ren|#카페 #제로페이||
동작구|1624216425|214베이커스트리트|5.0|1건|서울 동작구 양녕로20길 100||||#카페 #카카오페이||
동작구|21722318|카페 알파|4.5|2건|서울 동작구 흑석로 24||02-826-9857||#카페 ||
동작구|1604419927|쉬즈베이글 사당점|5.0|1건|서울 동작구 사당로13길 31 상가 3-1호|영업시간&매일 08:00 ~ 22:00|02-533-8676||#카페 #제로페이|메뉴 이름: 베이글 가격: 3,000&메뉴 이름: 크림치즈베이글 가격: 4,500&메뉴 이름: 콰트로 햄 치즈 가격: 2,900&메뉴 이름: 닭가슴살 샐러드 가격: 7,000&메뉴 이름: 에그브런치 가격: 8,000|//t1.kakaocdn.net/thumb/T800x0.q80/?fname=http%3A%2F%2Ft1.kakaocdn.net%2Ffiy_reboot%2Fplace%2FD032401C46A2446B9D8DA0BA70679314
동작구|1356504452|부뚜막고양이|5.0|1건|서울 동작구 사당로26가길 10||||#카페 #제로페이|메뉴 이름: 아메리카노(핫) 가격: 3,000&메뉴 이름: 카페라떼(핫) 가격: 4,000&메뉴 이름: 밀크티(핫) 가격: 4,500&메뉴 이름: 달고나라떼(핫) 가격: 4,500&메뉴 이름: 레몬에이드 가격: 5,000|//t1.kakaocdn.net/thumb/T800x0.q80/?fname=http%3A%2F%2Ft1.daumcdn.net%2Fplace%2F42AE7486031D422FA2C3E057A955FEBD
동작구|2080491301|출국|4.0|6건|서울 동작구 서달로14사길 5-1|||www.instagram.com/choolkuk|#카페 #제로페이||
동작구|1129451940|트립티|0.0|0건|서울 동작구 노량진로 10 스페이스살림 1,2층||||#카페 #카카오페이 #제로페이||
동작구|27228997|쥬씨 숭실대점|4.0|4건|서울 동작구 사당로 20|||www.no1juicy.com|#생과일전문점 #카카오페이 #제로페이||
동작구|98779800|블루팟|0.0|0건|서울 동작구 흑석로 84||||#카페 ||
동작구|922699464|카페휴가비|0.0|0건|서울 동작구 동작대로29가길 29||||#카페 ||
동작구|1172671991|메구스타 이수점|5.0|1건|서울 동작구 동작대로27길 22 1층|영업시간&월~금 08:00 ~ 22:00&토,일 09:00 ~ 22:00&공휴일&09:00 ~ 22:00&이용시 주의 사항&2째주 일요일 4째주일요일 휴무|070-7757-9403||#카페 #샌드위치 #오믈렛 #이수맛집 #이수카페 #커피맛집 #카카오페이|메뉴 이름: Me9딸기라떼 가격: 4,500&메뉴 이름: 아메리카노 가격: 1,500&메뉴 이름: Me9라떼 가격: 2,500|//t1.kakaocdn.net/thumb/T800x0.q80/?fname=http%3A%2F%2Ft1.kakaocdn.net%2Fmystore%2F28D23D00A3184F90BAC5852F02F1D7EF
동작구|393767063|카페230도씨|5.0|4건|서울 동작구 신대방동 719 106동 122호|영업시간&매일 08:30 ~ 14:00|02-3289-1220|www.instagram.com/cafe.230|#카페 #스페셜티커피 #원두판매 #커피 #cafe230 #카페230 #카카오페이 #제로페이|메뉴 이름: 배치브루 가격: 3,000&메뉴 이름: 싱글오리진 가격: 4,000&메뉴 이름: 허니케이크 가격: 5,500&메뉴 이름: 아메리카노 가격: 3,500|//t1.kakaocdn.net/thumb/T800x0.q80/?fname=http%3A%2F%2Ft1.kakaocdn.net%2Ffiy_reboot%2Fplace%2F54EDE5EDCEF846C68AD84A468D5CFA4B
동작구|1752141770|물오름달하루|5.0|6건|서울 동작구 여의대방로22길 27|영업시간&매일 11:00 ~ 21:00|||#카페 #카카오페이 #제로페이|메뉴 이름: 아메리카노 가격: 2,500&메뉴 이름: 카페라떼 가격: 3,000&메뉴 이름: 카푸치노 가격: 3,000&메뉴 이름: 바닐라라떼 가격: 3,500&메뉴 이름: 카페모카 가격: 3,500|//t1.kakaocdn.net/thumb/T800x0.q80/?fname=http%3A%2F%2Ft1.kakaocdn.net%2Ffiy_reboot%2Fplace%2F4191E713528446E98CACFF9211E239A3
동작구|21536879|온사랑커피밀|5.0|1건|서울 동작구 상도로62길 81||||#커피전문점 #카카오페이 #제로페이||
동작구|1262640211|베어카페|0.0|0건|서울 동작구 노량진로14길 18|||www.instagram.com/bearcafe__official|#카페 #로스팅전문||
동작구|839496033|모녀당|5.0|2건|서울 동작구 양녕로 272 2층|영업시간&매일 10:30 ~ 22:00|010-9191-7744||#디저트카페 #카카오페이|메뉴 이름: 아메리카노 가격: 3,800&메뉴 이름: 휘낭시에 가격: 2,500&메뉴 이름: 까눌레 가격: 3,000&메뉴 이름: 스콘 가격: 2,500|
동작구|1254036758|커핑|0.0|0건|서울 동작구 노량진로14가길 11 나루아카데미 지하 1층||||#카페 ||//t1.kakaocdn.net/thumb/T800x0.q80/?fname=http%3A%2F%2Ft1.daumcdn.net%2Fplace%2FD5D09567C2364A0EB4A40D34A5760EF5
동작구|1495106685|카페시모 대방점|2.0|1건|서울 동작구 대방동15길 28-1||||#카페 #제로페이||
동작구|1690322835|푸에르카페|0.0|0건|서울 동작구 상도로30길 82|영업시간&매일 08:30 ~ 22:00|02-822-8095|www.instagram.com/puer_coffee|#커피전문점 #제로페이|메뉴 이름: 아인슈페너 가격: 3,500|//t1.kakaocdn.net/thumb/T800x0.q80/?fname=http%3A%2F%2Ft1.daumcdn.net%2Flocalfiy%2Fsearchregister_1793991129
동작구|1254643808|크앙커피|0.0|0건|서울 동작구 만양로12길 6-2 1층||||#카페 ||
동작구|1557113861|커피온리 노량진점|3.7|3건|서울 동작구 만양로 112|||coffee900.com|#카페 #제로페이||
동작구|881167325|st244|0.0|0건|서울 동작구 사당로 244 1층|영업시간&월~금 08:00 ~ 21:00&토 08:00 ~ 19:00&휴무일&일요일|070-8804-0244|www.instagram.com/cafe_st.244|#카페 ||//t1.kakaocdn.net/thumb/T800x0.q80/?fname=http%3A%2F%2Ft1.kakaocdn.net%2Ffiy_reboot%2Fplace%2F24AE37970D6D43D98BFA944FC1EFC929
동작구|815005568|탱크커피|0.0|0건|서울 동작구 사당로4길 6|영업시간&월~금 10:00 ~ 21:00&일 11:00 ~ 20:00&휴무일&토요일||www.instagram.com/tank_coffee_|#카페 #핸드드립전문점|메뉴 이름: 아메리카노 가격: 3,000&메뉴 이름: 카페라테 가격: 4,000&메뉴 이름: 로얄 얼그레이 가격: 4,000&메뉴 이름: 초코라테 가격: 4,500&메뉴 이름: 애플쥬스 가격: 4,000|//t1.kakaocdn.net/thumb/T800x0.q80/?fname=http%3A%2F%2Ft1.daumcdn.net%2Fplace%2F2C4F1EE893E149EDA340A48450C12405
동작구|120527014|달라떼|3.0|1건|서울 동작구 노량진로 140 메가스터디타워 B210호||||#카페 #제로페이||
동작구|1088532980|카페드마마|1.0|1건|서울 동작구 성대로 87 고려빌딩 1층|영업시간&월~금 10:30 ~ 22:30&토,일 11:00 ~ 23:00&공휴일&11:00 ~ 23:00&휴무일&화요일||cafedemama.blog.me|#카페 #모던한 #분위기좋은 #빈티지분위기|메뉴 이름: 에스프레소 가격: 3,500&메뉴 이름: 아메리카노 가격: 3,500&메뉴 이름: 카페라떼 가격: 4,000&메뉴 이름: 바닐라라떼 가격: 4,500&메뉴 이름: 카페모카 가격: 4,800|//t1.kakaocdn.net/thumb/T800x0.q80/?fname=http%3A%2F%2Ft1.daumcdn.net%2Fcfile%2F224F3B495763A55115
동작구|1867582350|콘레드커피 중앙대점|1.0|1건|서울 동작구 흑석로 103 1층|||conredcoffee.com|#카페 #가성비 #로스팅전문 #제로페이||//t1.kakaocdn.net/thumb/T800x0.q80/?fname=http%3A%2F%2Ft1.daumcdn.net%2Fplace%2F6550145105D440168E34736E156F48BC
동작구|1522483669|이디야커피 노량진역사|4.4|7건|서울 동작구 노량진로 지하 130 지하1층|영업시간&월~금 07:00 ~ 22:00&토 08:00 ~ 22:00&일 08:00 ~ 21:00&기타&(2단계~3단계 21시까지 영업)&월~토 라스트오더1 ~ 21:50&일 라스트오더2 ~ 20:50|02-821-4980|ediya.com|#커피전문점 #제로페이||//t1.kakaocdn.net/thumb/T800x0.q80/?fname=http%3A%2F%2Ft1.kakaocdn.net%2Ffiy_reboot%2Fplace%2F0AA23E1EA2824154A4368236210A3E4B
동작구|21424490|숭실다방|0.0|0건|서울 동작구 상도로 372||||#다방 ||